evidence_id,file,unit,parent_id,control_stratum,outside_seven_labels,flash_community
tiktok_video:local_9040e6857853f40a817ef7118cc9a2c814962fa26023ff210b649a4f54191708,tt_direct,video,,tt_direct,True,Other / emerging
tiktok_video:local_1e38c14e484975d235329ddc72994c2a11be5b84fe5aa7ac9edbe50a3a276b50,tt_direct,video,,tt_direct,True,Other / emerging
tiktok_video:local_9520b23f6c4cda1161c67fdc86b8d503f961445e20d7fe6b093131c9720f33cb,tt_direct,video,,tt_direct,True,Other / emerging
tiktok_video:local_ff3495607d6a577ceffe6e757316de79fc8ffec66126925b3a3f88f47e50cb3e,tt_direct,video,,tt_direct,True,Other / emerging
tiktok_video:local_d04f918b5a3ac7c58b9244fc0ffca1dee4cd2bdbd7cec3958eb72bb1bad54a0c,tt_direct,video,,tt_direct,True,Other / emerging
tiktok_video:local_fe0afbcf4604177204c3d11455bef9b3a9b19a5ce6acad18bf89fe1262fbf60a,tt_direct,video,,tt_direct,True,Other / emerging
tiktok_video:local_90b38bbbc907bd120044232c28009ac042f06d978ef9518275f497f2209e4117,tt_direct,video,,tt_direct,True,Other / emerging
tiktok_video:local_0ed3bb9a1c535cbfd30bf47cc12384136a82f5c64201586ad091459606b6c166,tt_direct,video,,tt_direct,True,Other / emerging
tiktok_video:local_1e0184bc8d4960c56fcf0a8850afbd26d214c3fff259dc1b77808f6857279cf8,tt_direct,video,,tt_direct,True,General marketplace
tiktok_video:local_f90d8289f79a7229c457b695ec1c1dbebde36d0ef6c0a1a6e2ecd01de65b1305,tt_direct,video,,tt_direct,True,General marketplace
tiktok_video:local_6a5ff5f688a5e777aa4d471e6df8a205f5946db6809b4f2622eedb4294240dab,tt_direct,video,,tt_direct,True,Other / emerging
tiktok_video:local_9348b5b3731bd5eaed6b0cb712977061f8b92b9f3204a9fbd4ac009665b1847d,tt_direct,video,,tt_direct,True,Other / emerging
tiktok_video:local_17c7be036369e6b454e1b80a270d63c2c6ea44faf65f8a9c1597922e26965ab9,tt_direct,video,,tt_direct,True,Other / emerging
tiktok_video:local_cb4bcb28e33f43bb29e319d02a13da3e05ddb95f9f5b9e0bfb75824f1d719736,tt_direct,video,,tt_direct,True,Other / emerging
tiktok_video:local_1e646e56c8e822d699ae090cee9dae03577fb022bdecd016ee3274887b6eedff,tt_direct,video,,tt_direct,True,Other / emerging
tiktok_video:local_37fd2065113f30b40d24ba2ad85ace6ecdbc02572a6559e5eced10f36cc2606b,tt_comm,video,,tt_comm,True,Other / emerging
tiktok_video:local_e4d3f6f924f80f1c1dcb227593570a88948937219c279700da564749f0b5dc5c,tt_comm,video,,tt_comm,True,Other / emerging
tiktok_video:local_d13ecc1311a7d8b9215cd8d38b1449d8c9dadf7fcc4a144236fc130b41753d10,tt_comm,video,,tt_comm,True,Unclear
tiktok_video:local_884e7086d72250e622224200617690bd912e998044f76e0786b2c06296654af5,tt_comm,video,,tt_comm,True,Other / emerging
tiktok_video:local_2fd356c0c5a828485b7b94bb9a02d74a69b4d06f77271b9f3993071776fb4081,tt_comm,video,,tt_comm,True,Other / emerging
tiktok_video:local_83b3e2eb73b816e4b03f81b0dc3ac598109f2b19f10d1f9a07b3602b8066e844,tt_comm,video,,tt_comm,True,Other / emerging
tiktok_video:local_6d932d6f172b19e4eead33450a28af7de50cd146a2cbcb6c60d436adedced921,tt_comm,video,,tt_comm,True,Other / emerging
tiktok_video:local_6767d5817bfb86b124df44207c3a223b0891be4a3ccd8704a4031148e373c292,tt_comm,video,,tt_comm,True,Other / emerging
tiktok_video:local_39555e39b0e2746e5ae059353028e830d8d64dfedba5c7058bc79742472bda8f,tt_comm,video,,tt_comm,True,Other / emerging
tiktok_video:local_aada0e428572e0df85c0ca1cb816b4e362f4d3ad4fd4bab8b62a477e7c172fcc,tt_comm,video,,tt_comm,True,Other / emerging
tiktok_video:local_c1ebe50647bea2f184047baffc1bb3906d56f202b47a6af7374cbf54385262c7,tt_comm,video,,tt_comm,True,Other / emerging
tiktok_video:local_d3cc183c33efec9dd95a4bfe58fa698fdec3af19c4590314e303e512982eda35,tt_comm,video,,tt_comm,True,Other / emerging
tiktok_video:local_d0710bc93aa2e59fa422739145b846930aca632b7ac1ad8e82c19aff86ebdbf1,tt_comm,video,,tt_comm,True,Other / emerging
tiktok_video:local_c4620d31dc539b067878b168492072178149dcbe1e4bed5b7ef9ca5c0cf1cff3,tt_comm,video,,tt_comm,True,Other / emerging
tiktok_video:local_941af937a48016eb62d1a560ba99adef621cd6dda7ed00009f4bbe615a834df3,tt_comm,video,,tt_comm,True,Other / emerging
tiktok_comment:7268030322888983339,tt_comments,comment,https://www.tiktok.com/@msdollhouse/video/7264643440233975086,tt_comments,True,Other / emerging
tiktok_comment:7601103717929632544,tt_comments,comment,https://www.tiktok.com/@viiotela/video/7600910298492488974,tt_comments,True,Unclear
tiktok_comment:7679559883712480017,tt_comments,comment,https://www.tiktok.com/@ryrotech/video/7679489816156835086,tt_comments,True,Other / emerging
tiktok_comment:7359520816591143688,tt_comments,comment,https://www.tiktok.com/@mybloodygalentine/video/7359335744634244395,tt_comments,True,Other / emerging
tiktok_comment:7459424958164501294,tt_comments,comment,https://www.tiktok.com/@justanotherrach/video/7459170197954415914,tt_comments,True,General marketplace
tiktok_comment:7601109368860541729,tt_comments,comment,https://www.tiktok.com/@viiotela/video/7600910298492488974,tt_comments,True,Unclear
tiktok_comment:7657822706872402710,tt_comments,comment,https://www.tiktok.com/@crt_craig/video/7657608824462806285,tt_comments,True,Unclear
tiktok_comment:7602284316995633951,tt_comments,comment,https://www.tiktok.com/@viiotela/video/7600910298492488974,tt_comments,True,Unclear
tiktok_comment:7688928972122850061,tt_comments,comment,https://www.tiktok.com/@ryanvanskiver/video/7688771729476357390,tt_comments,True,Other / emerging
tiktok_comment:7689021113884164894,tt_comments,comment,https://www.tiktok.com/@ryanvanskiver/video/7688771729476357390,tt_comments,True,Other / emerging
reddit:t1_nn5owqo,rd_broad,comment,t1_nn4ikiz,rd_broad,True,Other / emerging
reddit:t1_omrbfs6,rd_broad,comment,t1_ompau4r,rd_broad,True,General marketplace
reddit:t1_o0yzrxf,rd_broad,comment,t1_o0xpzor,rd_broad,True,Other / emerging
reddit:t1_o70jto1,rd_broad,comment,t1_o70i3uy,rd_broad,True,Other / emerging
reddit:t1_oiwbiqm,rd_broad,comment,t3_1syri50,rd_broad,True,Unclear
reddit:t1_p565sst,rd_broad,comment,t3_1vv3zic,rd_broad,True,General marketplace
reddit:t1_nj25jb9,rd_broad,comment,t1_niygv5p,rd_broad,True,General marketplace
reddit:t1_o1a299g,rd_broad,comment,t3_1qkscsr,rd_broad,True,General marketplace
reddit:t1_nlix0br,rd_broad,comment,t1_nliuos5,rd_broad,True,Other / emerging
reddit:t1_ojm1v89,rd_broad,comment,t3_1t27qqd,rd_broad,True,Unclear
reddit:t1_olcg7uy,rd_broad,comment,t1_olce6ca,rd_broad,True,General marketplace
reddit:t1_ompawxs,rd_broad,comment,t1_ompau4r,rd_broad,True,General marketplace
reddit:t1_ojrs53h,rd_broad,comment,t3_1t30nvb,rd_broad,True,Unclear
reddit:t1_ojlux8f,rd_broad,comment,t1_ojlun8o,rd_broad,True,General marketplace; Other / emerging
reddit:t1_p8unjvo,rd_broad,comment,t3_1wbxa7t,rd_broad,True,General marketplace
reddit:t1_o28y181,rd_broad,comment,t1_o28e30q,rd_broad,True,Other / emerging
reddit:t1_olcdqub,rd_broad,comment,t3_1tax3db,rd_broad,True,General marketplace
reddit:t1_nqedyn8,rd_broad,comment,t1_npwrf9s,rd_broad,True,General marketplace
reddit:t1_o72pygn,rd_broad,comment,t3_1rc9q7m,rd_broad,True,Other / emerging
reddit:t1_oxdjn0q,rd_broad,comment,t1_oxdfqgi,rd_broad,True,General marketplace
reddit:t1_p8p1wc4,rd_ebay,comment,t3_1wb6qei,rd_ebay,True,General marketplace
reddit:t1_otuh0tx,rd_ebay,comment,t3_1ufsqqo,rd_ebay,True,General marketplace
reddit:t1_nv3nern,rd_ebay,comment,t3_1prnhy5,rd_ebay,True,General marketplace
reddit:t1_ocetjyi,rd_ebay,comment,t3_1s3e08r,rd_ebay,True,General marketplace
reddit:t1_ocmuwjt,rd_ebay,comment,t1_ocmqm5e,rd_ebay,True,General marketplace
reddit:t1_p7xk18v,rd_ebay,comment,t1_p7xjcnp,rd_ebay,True,General marketplace
reddit:t1_nuj0emr,rd_ebay,comment,t3_1potn2c,rd_ebay,True,Other / emerging
reddit:t1_niuungm,rd_ebay,comment,t1_niulkt3,rd_ebay,True,Other / emerging
reddit:t3_1v31kwz,rd_ebay,post,,rd_ebay,True,General marketplace
reddit:t1_ocmg0aj,rd_ebay,comment,t3_1s4efdb,rd_ebay,True,General marketplace
youtube_video:e7MRIWot-J0,yt_titles,video,,yt_titles,True,General marketplace
youtube_video:zzZ1ZFrrlT0,yt_titles,video,,yt_titles,True,General marketplace
youtube_video:M45b0et6kjw,yt_titles,video,,yt_titles,True,General marketplace
youtube_video:3oQpTZeQ7q8,yt_titles,video,,yt_titles,True,Other / emerging
youtube_video:NMFJJFM6_4Y,yt_titles,video,,yt_titles,True,General marketplace
youtube_video:JccTV_0L81Q,yt_titles,video,,yt_titles,True,Other / emerging
youtube_video:xTigixXmBMQ,yt_titles,video,,yt_titles,True,Other / emerging
youtube_video:Cv88jztlRkc,yt_titles,video,,yt_titles,True,General marketplace
youtube_comment:UgwqxuoTBda6VGG1cV94AaABAg,yt_comments,comment,youtube_video:ixnYJWuIsbc,yt_comments,True,General marketplace
youtube_comment:Ugx2mU2O7uUDFCLcMTV4AaABAg,yt_comments,comment,youtube_video:NMFJJFM6_4Y,yt_comments,True,General marketplace
youtube_comment:UgyyMC3GMfeo6jmeNlV4AaABAg,yt_comments,comment,youtube_video:cbk41TqNJek,yt_comments,True,Other / emerging
youtube_comment:Ugxf7Zn0zoxaULAGwCZ4AaABAg,yt_comments,comment,youtube_video:3oQpTZeQ7q8,yt_comments,True,Other / emerging
youtube_comment:UgyWxmIYqTZmJGT5LpJ4AaABAg,yt_comments,comment,youtube_video:68QL21uKbEo,yt_comments,True,Unclear
youtube_comment:UgzmqAtkGsVo1DeqkS94AaABAg,yt_comments,comment,youtube_video:qZoCrrBtwNc,yt_comments,True,General marketplace
youtube_comment:UgyCussFcjGzu1InWNt4AaABAg,yt_comments,comment,youtube_video:bMhErNF_kWA,yt_comments,True,Unclear
youtube_comment:UgxiwC5aeaTxTHXfZ7V4AaABAg,yt_comments,comment,youtube_video:K-UprHycfd4,yt_comments,True,General marketplace
youtube_comment:UgzjcawafWH6d2_BW4B4AaABAg,yt_comments,comment,youtube_video:DutZn3jQE98,yt_comments,True,General marketplace
youtube_comment:UgzEtlNo5-VDwqDCg_N4AaABAg,yt_comments,comment,youtube_video:2AVFe3dlgws,yt_comments,True,General marketplace
youtube_comment:UgxUOfkniHIUsrqxZOV4AaABAg,yt_comments,comment,youtube_video:DjsWZaPwMQs,yt_comments,True,General marketplace
youtube_comment:UgzczTNDc8R_uIp0V4l4AaABAg,yt_comments,comment,youtube_video:j5tjK4FgJ9I,yt_comments,True,General marketplace
youtube_live:RHonjdvsRRY:1135,yt_chat,chat_message,youtube_stream:RHonjdvsRRY,yt_chat,True,Unclear
youtube_live:RHonjdvsRRY:1124,yt_chat,chat_message,youtube_stream:RHonjdvsRRY,yt_chat,True,Unclear
youtube_live:wbUy3gK7kFE:550,yt_chat,chat_message,youtube_stream:wbUy3gK7kFE,yt_chat,True,Unclear
youtube_live:wbUy3gK7kFE:716,yt_chat,chat_message,youtube_stream:wbUy3gK7kFE,yt_chat,True,General marketplace
youtube_live:77jAv66lLio:963,yt_chat,chat_message,youtube_stream:77jAv66lLio,yt_chat,True,Other / emerging
youtube_live:wbUy3gK7kFE:568,yt_chat,chat_message,youtube_stream:wbUy3gK7kFE,yt_chat,True,General marketplace
youtube_live:GKYH-awLpo0:167,yt_chat,chat_message,youtube_stream:GKYH-awLpo0,yt_chat,True,Unclear
youtube_live:RHonjdvsRRY:1139,yt_chat,chat_message,youtube_stream:RHonjdvsRRY,yt_chat,True,Other / emerging
youtube_live:F13yNlNDTvY:344,yt_chat,chat_message,youtube_stream:F13yNlNDTvY,yt_chat,True,Unclear
youtube_live:wbUy3gK7kFE:713,yt_chat,chat_message,youtube_stream:wbUy3gK7kFE,yt_chat,True,General marketplace
