pattern,tt_direct,tt_comm,tt_comments,rd_broad,rd_ebay,yt_titles,yt_comments,yt_chat,total_rows
watches,12i/0d,16i/0d,0i/2d,10i/76d,5i/11d,8i/0d,0i/41d,0i/2d,183
coins_numismatic,3i/0d,3i/0d,0,4i/13d,6i/5d,1i/0d,0i/4d,0,39
handbags,61i/0d,47i/0d,0i/16d,4i/19d,6i/7d,15i/0d,0i/49d,0,224
fragrance,4i/0d,0,0,1i/3d,0i/2d,1i/0d,0i/7d,0,18
one_piece_tcg,0,1i/0d,0,0i/3d,0,0,0,0,4
lorcana,0,0,0,0i/1d,0,0,0,0,1
magic_mtg,0,4i/0d,0,0i/2d,2i/0d,0,0,0,8
yugioh,0,1i/0d,0,1i/2d,0,0,0,0,4
riftbound,0,0,0,0,0,0,0,0,0
panini_premier,1i/0d,7i/0d,0,0,0,7i/0d,0i/2d,0,17
memorabilia_shirts,5i/0d,3i/0d,0i/1d,2i/4d,1i/5d,3i/0d,0i/6d,0i/3d,33
trains,0,35i/0d,0,0,0,0,0i/1d,0,36
blind_box,3i/0d,52i/0d,0i/13d,0,0,1i/0d,0,0,69
action_figures,0,2i/0d,0,1i/0d,1i/1d,1i/0d,0i/1d,0,7
cameras,105i/0d,65i/0d,0,3i/9d,3i/2d,7i/0d,0i/15d,0,209
retro_tech,37i/0d,116i/0d,0i/2d,1i/11d,1i/0d,8i/0d,0i/6d,0,182
pna_auto,23i/0d,13i/0d,0,3i/9d,1i/1d,0,0i/1d,0,51
fanatics,0,1i/0d,0,0,0,0,0i/1d,0,2
discord,3i/0d,2i/0d,0,0i/13d,0,0,0,0i/3d,21
facebook_groups,2i/0d,3i/0d,0,4i/13d,1i/4d,2i/0d,0i/5d,0i/2d,36
instagram,8i/0d,8i/0d,0i/2d,0i/7d,1i/1d,0,0i/4d,0i/2d,33
uk_market,32i/0d,10i/0d,0,3i/15d,2i/1d,3i/0d,0i/9d,0,75
de_market,31i/0d,4i/0d,0i/4d,2i/3d,2i/2d,0,0i/5d,0,53
authentication,33i/0d,0,0i/1d,17i/118d,24i/43d,25i/0d,0i/40d,0,301
grading,7i/0d,20i/0d,0i/2d,12i/52d,3i/6d,7i/0d,0i/33d,0i/12d,154
breaks,4i/0d,20i/0d,0i/1d,1i/23d,2i/1d,8i/0d,0i/11d,0i/29d,100
creator_purchase_pathway,45i/0d,17i/0d,0i/7d,28i/81d,45i/28d,19i/0d,0i/69d,0i/2d,341
