,videos
unboxing,79
haul,72
collection showcase,67
product showcase,37
item showcase,33
reselling,30
thrift haul,20
collection display,17
collecting,15
showcase,14
store promotion,14
try-on,10
sourcing,9
dropshipping,8
outfit showcase,8
crafting,8
item listing,8
reselling tips,8
mail call,8
diy customization,7
order fulfillment,6
layout showcase,6
product demonstration,6
thrifting,6
shopping tips,6
car build,6
humor,5
product promotion,5
small business,5
sorting,5
organization,5
nostalgia,5
advocacy,5
physical media,5
inventory showcase,5
bargain hunting,5
upcycling,5
tutorial,4
thrift find,4
store inventory,4
seller promotion,4
promotional offer,4
product review,4
promotion,4
listing promotion,4
customization,4
military culture,3
Haul,3
unboxing haul,3
history,3
listing reaction,3
fashion showcase,3
sales recap,3
collection tour,3
eBay find,3
clothing haul,3
thrift finds,3
resale value,3
search tutorial,3
mail day,3
inventory promotion,3
seller experience,3
room organization,3
diy crafting,3
buying tutorial,3
recent pickups,3
DIY craft,3
new releases,3
styling,3
inventory sourcing,3
engine swap,3
buying advice,3
filter demonstration,3
thrift flipping,3
movie review,3
try-on haul,3
sales showcase,3
DIY customization,3
recommendations,3
festival fashion,3
price checking,2
buying tips,2
ear stretching,2
pricing,2
brand recommendations,2
car showcase,2
what sold,2
pickup,2
layout tour,2
store tour,2
community engagement,2
collection haul,2
DIY,2
before and after,2
app promotion,2
reselling strategy,2
sponsored promotion,2
repurposing,2
movie collecting,2
work in progress,2
diy fashion,2
fan merchandise,2
thrift sourcing,2
Reselling,2
fashion history,2
price comparison,2
motivation,2
thrift flip,2
try on,2
haul showcase,2
subculture fashion,2
product sourcing,2
discussion,2
movie collection,2
seller tips,2
inventory,2
festival showcase,2
educational,2
collection maintenance,2
resale valuation,2
eBay listings,2
packaging,2
inventory haul,2
item valuation,2
live shopping,2
lifestyle flex,2
auction purchase,2
collecting history,2
collection,2
vintage fashion,2
price research,2
tactical gear,2
sourcing tips,2
asmr,2
ebay finds,2
fashion haul,2
search tips,2
financing,2
purchase showcase,2
gaming,2
product comparison,2
storytime,2
car boot sourcing,2
manufacturing promotion,2
audio setup,2
outfit of the day,2
custom vehicles,2
viewer question,2
product assembly,2
item review,2
DIY tutorial,2
budget project,2
storytelling,2
buyer experience,2
product critique,2
event promotion,2
cost inquiry,1
small business promotion,1
mythbusting,1
maintenance tips,1
direct selling,1
piercing progress,1
b2b supply,1
dyeing,1
meme,1
seller review,1
business history,1
subculture commentary,1
dealership showcase,1
creative showcase,1
collection details,1
terminology critique,1
modified vehicles,1
street legal vehicle,1
eBay listing promotion,1
look-alike,1
thrift tips,1
personal update,1
piercing showcase,1
car modification,1
engine comparison,1
body modification,1
online shopping,1
collecting rules,1
crafting process,1
free shipping,1
merchandise display,1
unexpected contents,1
call to action,1
behind the scenes,1
hobby operations,1
diy demonstration,1
craftsmanship demonstration,1
first-time buyer,1
item test,1
custom clothing,1
personal collection,1
art making,1
item trading,1
handmade crafts,1
order packing,1
craft activity,1
advertisement,1
merchandise,1
trading,1
product listing,1
club showcase,1
service promotion,1
salvage acquisition,1
diy planning,1
digital design,1
DIY project,1
project reveal,1
sales channel,1
sales promotion,1
tips,1
small business appreciation,1
collector inquiry,1
vintage finds,1
product preview,1
inventory unboxing,1
custom design,1
product manufacturing,1
collection storage,1
item rating,1
personal reflection,1
donation request,1
trading community,1
comment reply,1
vintage styling,1
interior design,1
spending,1
product recommendations,1
lifestyle vlog,1
morning routine,1
hobby activity,1
diy crafts,1
submission prep,1
pricing update,1
franchise collecting,1
collector concern,1
product discussion,1
wholesale,1
item value,1
physical media news,1
upcoming release,1
collector guide,1
horror movies,1
item protection,1
viewer reply,1
retail pricing,1
backlog management,1
collecting philosophy,1
game valuation,1
collection update,1
game collection,1
collecting journey,1
physical media release,1
animation,1
ai animation,1
collection organization,1
collection utility,1
clothing repair,1
collection care,1
crafting advice,1
collection sorting,1
family estate,1
crafts,1
thrift shopping,1
identification guide,1
store review,1
fashion trends,1
music curation,1
vintage aesthetic,1
playlist showcase,1
setup showcase,1
content promotion,1
streaming,1
outfit comparison,1
engineering history,1
music memorabilia,1
item damage,1
clothing showcase,1
platform comparison,1
historical fashion,1
fashion commentary,1
song recommendations,1
hardware playback,1
retail showcase,1
collecting expenses,1
collection upgrade,1
playback,1
ebay live event promotion,1
cover art,1
review,1
thrift / yard sale,1
store browsing,1
seller advertising,1
display,1
backlog review,1
packaging flaw,1
retro media,1
collection cull,1
decluttering,1
antiques,1
garage sale finds,1
business inventory,1
trends,1
crafting tutorial,1
inventory display,1
garage sale haul,1
resale profit,1
sponsored haul,1
vintage appreciation,1
leathercraft,1
room transformation,1
sourcing guide,1
giveaway,1
rankings,1
promotional item,1
packing,1
inspection,1
shopping haul,1
new release,1
group lineup commentary,1
music clip,1
fan content,1
music video,1
advice,1
budget collecting,1
collecting tips,1
gameroom showcase,1
item promotion,1
collecting advice,1
market discussion,1
gift,1
game room,1
backlog,1
order delivery,1
film collecting,1
movie viewing,1
user experience,1
console playback,1
retail shopping,1
movie showcase,1
rare item showcase,1
custom art,1
buyer return dispute,1
self-promotion,1
store tutorial,1
eBay Kleinanzeigen,1
archiving,1
thrift discovery,1
unboxing finds,1
curated recommendations,1
mystery lot,1
authentication tips,1
ad sponsorship,1
shopping guide,1
deal showcase,1
app showcase,1
restoration,1
marketplace purchases,1
resale sourcing,1
software customization,1
affordable finds,1
Collection display,1
Haul unboxing,1
purchase haul,1
car purchase,1
buyer regret,1
item authentication,1
deal finding,1
search advice,1
seller recommendations,1
marketplace find,1
item sourcing,1
sales update,1
affiliate promotion,1
roblox items,1
taobao,1
proxy shopping tutorial,1
discount tips,1
ordering tutorial,1
goodwill bins,1
scam warning,1
livestream sale,1
installation,1
reselling debate,1
fast fashion,1
auction,1
clothing finds,1
listing process,1
Showcase,1
Order fulfillment,1
Unboxing,1
Try-on,1
budget fashion,1
marketplace finds,1
reseller routine,1
reseller sales data,1
order packaging,1
market research,1
sales results,1
rare find,1
marketplace shopping,1
fragrance,1
digital trading,1
haul unboxing,1
clothing fit,1
outfit try-on,1
discontinued products,1
job lot,1
auction listing,1
parting out,1
reseller meme,1
salvage sourcing,1
eBay store promotion,1
shopping tutorial,1
replacement purchase,1
cross-listing,1
resale advice,1
finds,1
first start,1
engine replacement,1
product warning,1
engine damage,1
sponsorship,1
song promotion,1
installation service,1
repair,1
product quality,1
mechanic inspection,1
purchase inquiry,1
engine rebuild,1
sponsored,1
unusual purchase,1
search strategies,1
purchase review,1
low-ball offers,1
memorabilia,1
international shipping,1
customs duties,1
checkout process,1
purchase story,1
platform discussion,1
return policy,1
spare parts,1
shipping delivery,1
supplier promotion,1
purchase reveal,1
home decor,1
apartment decorating,1
browsing finds,1
secondhand haul,1
instrument demo,1
seller discovery,1
part performance,1
racing,1
auto parts purchase,1
eBay Motors,1
selling auto parts,1
bidding,1
auction strategy,1
price shock,1
car rebuild,1
marketplace discussion,1
car auctions,1
outfit reveal,1
charity promotion,1
retro gaming,1
demonstration,1
inventory sorting,1
dealership assembly,1
order fulfillment issue,1
scam claim,1
parts pricing,1
car repair,1
profit margins,1
parts reselling,1
auction sourcing,1
charity retail,1
room decor,1
item restoration,1
order haul,1
pricing tactics,1
inventory drop,1
website recommendations,1
buyer advice,1
dealership sales,1
car condition,1
online purchase,1
inventory advertisement,1
vehicle sale,1
listing showcase,1
eBay recommendations,1
auto broker services,1
gaming reaction,1
recreation,1
boat racing,1
vehicle showcase,1
dealership promotion,1
marketplace reaction,1
discount code,1
promotional ad,1
vehicle flip,1
Custom paint,1
Auto detailing,1
Exhaust sound,1
Car culture,1
Auctions,1
book haul,1
Price comparison,1
Buyer guide,1
Car repair,1
DIY repair,1
Sourcing,1
flipping,1
retro aesthetic,1
auctions,1
platform promotion,1
automotive humor,1
asking price,1
pricing query,1
for sale,1
item demonstration,1
purchase,1
Car flipping,1
selling strategy,1
inventory review,1
reselling haul,1
sifting,1
product research,1
reselling announcement,1
vintage sorting,1
flea market haul,1
vintage items,1
valuable collectibles,1
reselling comparison,1
flea market negotiation,1
income claim,1
crosslisting,1
eBay purchase,1
pricing discussion,1
workspace setup,1
inventory listing,1
live auction,1
promotional code,1
proxy buying,1
marketplace advice,1
collector haul,1
customer returns,1
pop culture reference,1
product hunting,1
collection completion,1
scam prevention,1
in-game trading,1
in-game items,1
item identification,1
reseller inventory,1
app scan,1
advice seeking,1
quality review,1
gameplay,1
order update,1
scam allegations,1
sold listings,1
sourcing haul,1
business tutorial,1
reselling earnings,1
shipping,1
price reaction,1
wholesale sourcing,1
resale comps,1
reselling prices,1
brand identification,1
marketplace interaction,1
price negotiation,1
cultural pride,1
customer communication,1
order cancellation,1
reseller sales,1
wholesale promotion,1
listing tutorial,1
sold comps,1
creator promotion,1
resale software,1
resale prep,1
browsing listings,1
