cluster_first_match,videos_first_match
"Patches, pins, buttons and battle jackets",126
Physical media (Blu-ray/DVD/steelbook/VHS/CD/vinyl/books),106
Vintage and secondhand clothing / thrift,104
"Automotive: parts, cars, motorcycles",88
Unassigned (mixed/other),78
Reselling / seller how-to / marketplace ops,42
Video games and retro gaming,38
Jewelry and body jewelry,29
Model trains,26
"Home, kitchen and decor",19
"Beauty, fragrance and personal care",10
"Sewing, craft and notions",6
Sports memorabilia and equipment,4
Music instruments and audio gear,3
"Military, police and collectible memorabilia",3
"Pets, plants, food and other lifestyle",1
