flash_specific_category,videos
Blu-ray/DVDs,14
vintage clothing,13
battle jacket; patches,13
model trains,10
buttons,9
patches; morale patch,8
steelbook; 4K Blu-ray,6
vintage dresses,6
patches,6
video games,5
auto parts,5
morale patches,5
steelbook; physical media,5
police patches,4
battle vest; patches,4
patches; police memorabilia,4
patches; challenge coins,3
video games; retro games,3
buttons; craft supplies,3
motorcycles,3
video games; physical media,3
Blu-ray; physical media,3
camera filters,3
car parts,3
4K Blu-ray,3
vintage t-shirts,3
sewing buttons,3
pinback buttons,3
books,3
automobiles,3
sewing buttons; vintage buttons,3
car engine; auto parts,3
4K Blu-ray; physical media,3
vintage buttons; sewing notions,3
car engine; automotive parts,2
secondhand clothing,2
steelbook; Blu-ray,2
vintage buttons,2
ear gauges; body jewelry,2
video games; retro gaming,2
Steelbooks; Blu-ray/DVDs,2
photo editing app,2
in-game currency; virtual goods,2
vintage buttons; craft supplies,2
vinyl records,2
clothing,2
Blu-ray,2
steelbook; Blu-ray/DVDs,2
morale patches; embroidered patches,2
1920s dress; vintage clothing,2
unclear,2
cars; automotive,2
model trains; N scale,2
clothing; apparel,2
4K Blu-ray; Blu-ray movies,2
model trains; model railroad layouts,2
leather jacket,2
vintage denim; jeans,2
DVDs; physical media,2
car parts; automotive,2
DVDs; Blu-rays,2
car parts; engines,2
car; vehicle,2
model trains; live steam engines,2
shirts; clothing,1
shirts; menswear,1
sneakers; calculators,1
shoes; beauty products,1
tote bag; vintage patches,1
shot glass; drinkware,1
sewing buttons; mother of pearl buttons,1
trucks,1
sewing buttons; garment buttons,1
silverware; board games,1
stereo systems; vinyl records,1
sterling silver jewelry; locket,1
storage clipboard; office supplies,1
straw bags; handbags,1
steelbook; 4K Ultra HD,1
street food,1
sweater; clothing,1
t-shirt; band merchandise,1
steelbook; 4K UHD,1
sneakers; sports jersey,1
thrift clothing; accessories,1
thrift finds; memorabilia,1
sports bras; baby clothing,1
speedboats; watercraft,1
thrifted clothing; resale items,1
tote bag; t-shirt,1
sneakers; vintage clothing,1
sneakers; home goods,1
sneakers; car boot finds,1
thrift apparel; boots,1
patch keychains,1
patch board; custom decor,1
painting; fine art,1
outerwear; vintage clothing,1
outboard motor; boat motor,1
opals; gemstones and minerals,1
oddities; collectibles,1
oddities; antiques,1
novelty lighting,1
novelty hats,1
nail polish; cosmetics,1
nail charms; beauty accessories,1
mystery jewelry jar; vintage jewelry,1
music promotion; folk music,1
trading cards; grading service,1
music memorabilia; scrapbook,1
music memorabilia; photographs,1
music CD; promo advance CD,1
motorcycle parts; vehicle accessories,1
motorcycle parts; starter motor,1
motorcycle parts,1
motorcycle helmets; racing memorabilia,1
motorcycle engine; dirt bike parts,1
motorcycle engine,1
motorcycle,1
morale patches; military memorabilia,1
morale patches; custom patches,1
morale patches; PVC patches,1
moped parts,1
model trains; track ballast,1
music memorabilia; vintage jewelry,1
seashell napkin rings; home decor,1
scarf; sandals,1
saxophone; musical instruments,1
salvage cars; car parts,1
retro video games; game discs,1
retro video games,1
retro toys; board games,1
retro gaming; video games,1
retro gaming; Super Nintendo,1
retro gaming; PS3 games,1
retro gaming consoles; vintage video games,1
retro gaming consoles; retro video games,1
retro gaming console; emulation console,1
rain boots,1
puffer jackets; secondhand clothing,1
patches; backpack customization,1
pressure washer attachment,1
pre-owned clothing; jackets,1
portable DVD player; DVD,1
plushies; cosmetics,1
plush toy; thrifted items,1
picture frame; Disney collectibles,1
physical media; DVDs,1
perfume necklace; vintage jewelry,1
patches; tote bags,1
patches; quilts,1
patches; music memorabilia,1
patches; denim jacket,1
patches; denim,1
patches; customized leather jacket,1
patches; custom jacket,1
princess lamp; home decor,1
vintage jackets; music posters,1
vintage jacket; workwear,1
vintage jacket; shorts,1
vintage handbags; leather bags,1
vintage handbag,1
vintage goods,1
vintage glassware; art pottery,1
vintage furniture; wooden table,1
vintage furniture,1
vintage fashion; secondhand platforms,1
vintage fashion; handbags,1
vintage fashion; footwear,1
vintage fashion; accessories,1
video games; Nintendo DS,1
vintage electronics; thrifted home goods,1
vintage electronics; physical media,1
vintage electric fan; antique appliances,1
vintage drinkware; collectible glass,1
vintage dresses; secondhand clothing,1
vintage dresses; 50s fashion,1
vintage dress; platform shoes,1
vintage dress,1
vintage music; streaming playlist,1
vintage denim; apparel haul,1
vintage denim,1
vintage cowboy boots; footwear,1
vintage costume jewelry; jewelry lots,1
vintage collectibles; vintage books,1
vintage fabric; baby scrapbook,1
wool sweaters,1
women's fashion; beauty products,1
women's dresses; secondhand apparel,1
women's clothing; e-commerce returns,1
women's activewear; jacket,1
wheel speed sensors; auto parts,1
watches; vintage watches,1
wall decor; vintage tennis racket,1
virtual items,1
virtual gaming items,1
vintage toys; automotive parts,1
vintage tops; 2000s fashion,1
vintage sweatshirts; vintage denim,1
vintage sweaters,1
woven leather loafers; dress shoes,1
vintage purse; Betty Boop merchandise,1
vintage puffer jacket; outerwear,1
vintage patches; workwear patches,1
vintage patches; patch jacket,1
vintage patches; custom belt,1
vintage patches,1
4K player; Blu-ray disc,1
vintage music; 1950s memorabilia,1
vintage menswear; clothing,1
vintage jewelry; jewelry lot,1
vintage jewelry; costume jewelry,1
vintage jewelry; charms,1
vintage jewelry,1
vintage jeans; iron-on patches,1
vintage sunglasses; vintage t-shirt,1
vintage boots; vintage cameras,1
vintage boots; footwear,1
vintage bangles; costume jewelry,1
vintage audio; vintage toys,1
vintage audio equipment; vinyl records,1
vintage apparel; sportswear,1
vintage apparel; NFL apparel,1
vintage anime t-shirt,1
vintage Pyrex; kitchenware,1
vintage 8mm film; physical media,1
video games; game consoles,1
video games; collectibles,1
video games; animation,1
vintage coat; outerwear,1
video games; PS5 game,1
video games; PS2 games,1
video games; Nintendo Wii games,1
model trains; scale model scenery,1
video game memorabilia; action figures,1
video game manuals; PlayStation 3,1
video game coordinates; Minecraft server,1
video game bundles,1
vehicles; race cars,1
vehicles; cars,1
used vehicles; cars,1
used clothing; womens apparel,1
used clothing; vintage apparel,1
turntables; vinyl records,1
video games; Xbox games,1
vintage clothing; y2k fashion,1
vintage clothing; vintage dresses,1
vintage clothing; vintage books,1
vintage clothing; vintage accessories,1
vintage clothing; sweatshirts,1
vintage clothing; style bundles,1
vintage clothing; shoes,1
vintage clothing; retro apparel,1
vintage clothing; novelty sweater,1
vintage clothing; menswear,1
vintage clothing; jeans,1
vintage clothing; handbags,1
vintage clothing; fashion,1
vintage clothing; dresses,1
vintage brass tray; home decor,1
vintage clothing; denim shirt,1
vintage clothing; denim,1
vintage clothing; coats,1
vintage clothing; boots,1
vintage clothing; blouses,1
vintage clothing; Ralph Lauren apparel,1
vintage clothing; 70s fashion,1
vintage clothing; 1920s fashion,1
vintage catalogs; paper ephemera,1
vintage cameras; collectibles,1
vintage buttons; novelty buttons,1
vintage buttons; glass buttons,1
vintage buttons; collectible pins,1
vintage buttons; antique buttons,1
vintage clothing; dress,1
beanie hat,1
battle jacket; punk clothing,1
battle jacket; diy clothing,1
bath and massage accessories,1
bag; graphic t-shirt,1
backpacks; band merchandise,1
backpack,1
automotive; project cars,1
automotive event; car culture,1
automotive,1
automobiles; trucks,1
automobiles; paintwork,1
automobiles; luxury cars,1
auto parts; transmission parts,1
mineral specimens; gemstones,1
auto parts; perfume,1
auto parts; engine components,1
auto parts; eBay Motors,1
auto parts; air cleaner,1
auto parts dropshipping,1
apparel; shirts,1
apparel; clothing bundles,1
apparel; accessories,1
antique buttons; vintage jewelry,1
antique buttons; vintage buttons,1
antique buttons,1
anime magazine; anime collectibles,1
activity book; Totally Spies merchandise,1
activewear; hoodies,1
auto parts; radiator support,1
car radios; automotive parts,1
car parts; climate control units,1
car parts; auto dismantling,1
car parts; auto components,1
car interior trim; automotive parts,1
car engines; auto parts,1
car engine,1
car door mirror; auto parts,1
candle holder; home decor,1
buttons; tote bags,1
buttons; keychains,1
buttons; gaming merch,1
buttons; denim bag,1
buttons; concert memorabilia,1
belt; sweater,1
buttons; Disney pins,1
buttons; Chiikawa merch,1
branded clothing,1
bracelets; jewelry,1
bracelets; beaded bags,1
boots; selvedge denim,1
books; vintage book,1
body mist; cosmetics,1
body jewelry; ear gauges,1
body care,1
boat motor; outboard motor,1
blind box watch; Hello Kitty merchandise,1
bicycle parts; thrift items,1
bicycle,1
buttons; collage artwork,1
Disney 4K Blu-ray; slipcovers,1
vintage jackets; vintage clothing,1
Classic cars; Auction vehicles,1
Car parts; Weather stripping,1
Car modification; Auto body,1
CD; physical media,1
CD-ROM; retro computer,1
Blu-ray; steelbook; franchise memorabilia,1
Blu-ray; disc case,1
Blu-ray; box set,1
Blu-ray; DVDs,1
Blu-ray; DVD,1
Blu-ray; 4K Ultra HD,1
Blu-ray/DVDs; video games,1
Xbox games; retro gaming,1
Blu-ray/DVDs; figurines,1
Blu-ray/DVDs; Steelbooks,1
Barbie dolls; craft kits,1
Band tees; Vintage t-shirts,1
ACEO art; original art,1
8mm film; vintage film,1
4K Ultra HD; Blu-ray movies,1
4K UHD Blu-ray; physical movies,1
4K Steelbook; Blu-ray,1
4K Blu-ray; limited editions,1
4K Blu-ray; limited edition,1
DVDs; movies,1
4K Blu-ray; Blu-ray discs,1
4K Blu-ray; Blu-ray,1
Blu-ray/DVDs; physical media,1
Vintage tops; Used clothing,1
Vintage skirts; Vintage apparel,1
Vintage kitchenware; Taxidermy display,1
Vintage jewelry; Brooches,1
Vintage clothing; Handbags,1
Vintage clothing; Dresses,1
VHS tapes; vinyl records,1
VHS tapes; DVDs,1
Used cars; Sports cars,1
Used cars; Car parts,1
Steelbooks; video games,1
Steelbooks; physical media,1
Steelbooks,1
Secondhand clothing; Dresses,1
Figurines; Vintage accessories,1
PlayStation 2 game; video game disc,1
PS5 games; video games,1
Nintendo Switch; video games,1
Nintendo Switch games; physical media,1
Nintendo DS games; retro gaming,1
Music memorabilia; Vintage button-up shirt,1
Motorcycle exhaust,1
Modified cars; Car engines,1
Miata car; automobiles,1
Manga volumes,1
Labubu animation; character slippers,1
Labubu animation,1
Halloween decor; vintage collectibles,1
Graphic t-shirts; Ties,1
Roblox in-game items; digital items,1
k-pop music,1
jewelry; auto parts,1
jewelry jar; costume jewelry,1
jewelry bundle; gemstones,1
jewelry,1
jeans; apparel,1
jackets; outerwear,1
jacket; vintage menswear,1
jacket; hockey apparel,1
iron-on patches; PVC patches,1
in-game items; digital assets,1
in-game items; Roblox items,1
import proxy services; watches,1
iPhone; mobile widgets,1
car steering wheel; apparel,1
home decor; personal care,1
home decor; novelty lighting,1
home decor; bedroom furniture,1
home decor; art,1
headphones; fragrance,1
handheld consoles; video games,1
handbags; vintage handbag,1
handbags; vintage dresses,1
handbags; vintage bags,1
handbags; vintage accessories,1
handbags; velvet coat,1
handbags; second-hand bags,1
handbags; leather handbags,1
handbag; room decor,1
household accessories; car accessories,1
model trains; model train layout,1
model trains; model railroad layout,1
model trains; N scale sets,1
model trains; N Scale locomotive,1
model trains; KATO Class 800,1
model trains; HO scale trains,1
model trains; HO scale,1
model trains; G-scale trains,1
mobile app; software,1
miniature railway; rideable trains,1
miniature paintings; ACEO,1
mini-fridge; branded appliance,1
minerals; agate,1
mineral specimens; crystals,1
k-pop music; lyrics,1
military patches; tactical patches,1
men's fragrance; perfume,1
manga; books,1
manga; anime figures,1
luxury fashion; pre-owned clothing,1
loose gemstones; color-change fluorite,1
loose gemstones,1
lighter cases; apparel,1
leggings; womens clothing,1
leather pouch; vintage patches,1
leather jacket; patches,1
laser engraver; acrylic signs,1
lap steel guitar; musical instrument,1
kitchenware; browser extensions,1
military satcom equipment; radio antenna,1
curtain tiebacks; home decor,1
cups; stickers,1
crystal rings; gemstone jewelry,1
crochet coasters; crochet supplies,1
crescent bags; nylon bags,1
craft buttons; craft supplies,1
costume jewelry; bulk jewelry,1
costume jewelry; brooches,1
comic books; dolls,1
cologne; fragrance,1
collector's edition video game; video game memorabilia,1
collector's box; video game memorabilia,1
collector cars,1
collectible patches; challenge coins,1
hair dye; beauty supplies,1
clothing; vintage clothing,1
clothing; tops,1
clothing; shorts,1
clothing; jacket,1
clothing; figures,1
clothing; bags,1
clothing; accessories,1
clothing; Miss Sixty,1
classic car parts,1
cassette tapes; vintage collectibles,1
cassette players; handmade home decor,1
cars; vehicles,1
cars; used vehicles,1
car; sports car,1
collectible dolls; apparel,1
graded video games,1
gemstones; aquamarine crystal,1
gemstones,1
gemstone jewelry; Larimar,1
gemstone jewelry,1
gauge cluster; auto parts,1
garnet; gemstones,1
garden railroad; model train tracks,1
gaming console; 4K Blu-ray,1
food; Georgian food,1
folk art plate; vintage pitcher,1
first responder patches,1
figurines; clothing,1
fabric; handmade bag,1
custom art cards,1
eyewear,1
engine parts; mapped ecu,1
engine parts; car parts,1
embroidered patches,1
electric vehicles; cars,1
electric guitar; musical instruments,1
ear stretching kit; ear gauges,1
digital goods; vendor lists,1
digital game items; Pokemon Go,1
digital art; ai images,1
designer buttons; vintage buttons,1
denim jacket; vintage patches,1
denim jacket; jeans,1
decorative cup; homeware,1
custom keychains; books,1
fabric; Nintendo DS,1
