Claim ID,F/H,Statement,Source file(s),Full evidence IDs (flash_evidence_row_id),Provenance,Calculation and denominator,Independent parent count,Speaker roles,Counterevidence (IDs),Limitation,Status,Metrics of cited rows (platform metrics; blank = unknown)
XC-F1,F,"eBay Live appears in source text as promotion and seller announcements far more than as buyer experience. Of the 22 TikTok captions naming eBay Live (all in the direct pull; 0 in the community pull), 13 carry a paid-partnership tag (#ad, AD, #ebaypartner, #Anzeige) and the other 9 are sellers or hosts announcing their own eBay Live shows or a pricing tool. The three highest-view eBay Live captions (9.8M, 7.3M, 1.2M views) are all tagged. Across all eight files 51 rows name eBay Live in source text, and every one of the 51 was read. Four first-person eBay Live buyer accounts exist (a coin/silver stream, a sealed-box switch, a sports-card queue, a Vookum watch buyer); all report friction and none is an unpaid positive buyer account. This describes these keyword-selected pulls, not eBay Live's buyers.",FINAL_100_Reddit_conversations_1998_comments; FINAL_1007_direct_eBay_TikTok_videos; FINAL_1407_YouTube_comments,tiktok_video:local_c67838ae2adfd72a953a41d8235469d9f84250b5d84fd3bd0730cba35da103ef; tiktok_video:local_88af59ae9a2fa322212e2c329b587b18d8ed944d676cd9e0e6716bcc388db04f; tiktok_video:local_e9c4f012cf86f5f7fa3865c61be45b12bfab9472fd72a5915d4b0a79c0e8b299; tiktok_video:local_da33bf27eaa5bf7d7831bc3cfed79ec4e31bd8ab04e1278c036ea74605ff020e; tiktok_video:local_8c6ebc992b6110b1bd4e0cf74809ea7d1b866d105e4a57329f13b1efaf7506d4; tiktok_video:local_30074f1583efcfb4aad49ff70664596a9f392c9126d6949e054fc772d2706b7f; tiktok_video:local_0f95bcedae470924ff9ae778f25d16d6ec80acf973be2784193b8a601006f3de; tiktok_video:local_e74400576be7640392b593b2c0fb91d4de32cebee15a55d68b09762416b6e628; tiktok_video:local_c782f692bc978712553acc428d84478c360c37b87d09db49380b52f9c7e7ffe6; tiktok_video:local_627a60aa32564e1765c07b784adc7847a1e261d24042134c5aefff9396f73bd6; tiktok_video:local_08c305fe10f02e9da6cd1106830e4d5afb2ecd6566b30a50c1909b0e6c6af89f; tiktok_video:local_0a5a262f3aea878b77373b9e0995a0c00f0f768574288919baee14f293d0a9a3; tiktok_video:local_57f2669b2b4fbea8985a3fb3d96af8a784a7d757ac84e5efed712cd847089831; tiktok_video:local_f76262022d76f3c6cc8bc0539be77f7d7a20b5e0412c12f2f899731385872b17; tiktok_video:local_63c645f28c308b02d9f1e46d2941920b624b0a856df26617477548b829ee6cae; tiktok_video:local_e1a367bc55ce75a0f43f151080b6e16c5d159ed94d4119413eab444363f63672; tiktok_video:local_51ab5800ba9189e3523179e838ff72ba69ed0a16f7f64c69878b5f2e594de755; tiktok_video:local_447635e84544972027c69f6ac1e6192795bca96d68aa3ef867b94bfdfdde130b; tiktok_video:local_ef97316133dd506a0e663cf2c1d1c294c58cf077e8580508ea7015471420d73f; tiktok_video:local_8ab883e5b6de9a3d366deedffd5c45e1cd2e5691bb0011b800a4d100a73b040a; tiktok_video:local_ae88b4846925f57aeaaaa8c0bc7f2496cb6f0e7e7fa2b38416af0c1c635e2191; tiktok_video:local_dc6720288fd76eea647275bdfe8a3601229db1c22da4104ec7bb465f7c4ca1b2; reddit:t3_1vub4yy; reddit:t3_1pttt05; reddit:t1_nvjpmsu; youtube_comment:UgzrDtVVH-e2hHYihvR4AaABAg; youtube_comment:UgzfGt8L5RoXYTzy7Ul4AaABAg,"source caption (22 captions, promo tag read from the caption text); Reddit post/comment text; YouTube comment text","22 captions naming 'eBay Live' / 1,007 direct-pull videos; 0 / 914 community-pull videos; promo-tagged 13/22 by regex (#ad|ad|#ebaypartner|anzeige|#sponsored|paid partnership|#werbung) on caption text; 51 rows naming eBay Live across 8,339 unique rows (22 TikTok captions, 13 YouTube titles, 10 broad-Reddit rows, 5 YouTube comments, 1 r/Ebay row); 51/51 read. Buyer accounts: 4 rows, 4 independent parents (2 Reddit posts, 2 YouTube comments under 2 videos).",26,explicit buyers (4 accounts); explicit sellers/hosts (9 untagged captions); partner creators (13 tagged),reddit:t1_p50mp5r; youtube_video:P-F3SpVz-CQ; reddit:t1_p56yrbz,"Counterevidence: one explicit SELLER says a comics business 'sells a lot on eBay live streams and we do well' (t1_p50mp5r); one YouTube title 'Unboxing a preloved Chanel bag on EBay Live UK!' (61 views, creator role unknown, video unwatched) is the only creator-side positive buyer-shaped eBay Live row. Partner posts written in first person are disclosed promotion. The 'ad' token can match ordinary words; the 13 tagged captions were each read and confirmed.",checker-pending,local_c67838ae2adfd72a: views=9800000.0; local_88af59ae9a2fa322: views=7300000.0; local_e9c4f012cf86f5f7: views=1200000.0; local_da33bf27eaa5bf7d: views=134400.0; local_8c6ebc992b6110b1: views=37400.0; local_30074f1583efcfb4: views=25200.0; local_0f95bcedae470924: views=17800.0; local_e74400576be76403: views=14700.0; local_c782f692bc978712: views=10300.0; local_627a60aa32564e17: views=2757.0; local_08c305fe10f02e9d: views=2162.0; local_0a5a262f3aea878b: views=1723.0; local_57f2669b2b4fbea8: views=805.0; local_f76262022d76f3c6: views=27900.0; local_63c645f28c308b02: views=25600.0; local_e1a367bc55ce75a0: views=9100.0; local_51ab5800ba9189e3: views=3513.0; local_447635e845449720: views=1730.0; local_ef97316133dd506a: views=571.0; local_8ab883e5b6de9a3d: views=195.0; local_ae88b4846925f57a: views=129.0; local_dc6720288fd76eea: views=111.0; t3_1vub4yy: score=75 Ebay 2026-08-21; t3_1pttt05: score=25 Ebay 2025-12-23; t1_nvjpmsu: score=15 Ebay 2025-12-23; UgzrDtVVH-e2hHYihvR4Aa: likes=0; UgzfGt8L5RoXYTzy7Ul4Aa: likes=0
XC-F2,F,"Authentication is the shared trust topic across communities, discussed with a community-specific shape. Cards: Authenticity Guarantee (AG) packaging and condition disputes from both buyers and sellers, alongside explicit AG defenders. Sneakers: legit-checking is the community ritual; AG is praised by explicit buyers and contested in r/Ebay threads. Watches: AG is named as the reason a buyer or seller trusted an eBay transaction. Handbags: vetting is community-run (trusted-seller lists, Purse Forum), with AG named positively by one YouTube commenter and one partner post. Coins/bullion: fraud disputes with no AG at all. Stage 3 correction to Stage 2: positive buyer-voice AG rows exist in cards, sneakers, watches and handbags; AG is not only a complaint topic.",FINAL_100_Reddit_conversations_1998_comments; FINAL_137_rEbay_posts_632_comments; FINAL_1007_direct_eBay_TikTok_videos; FINAL_1407_YouTube_comments,reddit:t3_1todhm0; reddit:t3_1r8eukv; reddit:t3_1u2j162; reddit:t3_1o7ekel; youtube_comment:UgySNeVlZQU48YJR_Dd4AaABAg; reddit:t1_niwjhum; reddit:t1_ovl1bk3; reddit:t1_ns0iwn6; reddit:t1_ns19b9p; reddit:t1_odl74kz; reddit:t1_odkd14k; reddit:t3_1s8y9k4; reddit:t3_1q53zhu; youtube_comment:Ugy-N4vfOHdqoFxnakZ4AaABAg; reddit:t1_p5ij8ks; reddit:t3_1tz0dbm; youtube_comment:Ugy1zfbMf-NlX2W_69p4AaABAg; youtube_comment:UgwAqcvWStAcfOH6nl94AaABAg; reddit:t1_ofgfyui; reddit:t1_opkfisj; reddit:t1_p7yaxpk; reddit:t3_1qpssd0; tiktok_video:local_a210513c87638e131a381011464f3c91b4a7507f4bd1ef2693f741a2be1f261c; reddit:t3_1llzc73; reddit:t1_n03y0q8; reddit:t1_n03l086,"Reddit post/comment text; YouTube comment text; source caption (one #ebaypartner post, marked as promotion)","297 rows name authentication/AG in source text (regex authenticity guarantee|ebay auth|authenticat) across 8,339 unique rows: broad Reddit 141, r/Ebay 67, YouTube comments 37, YouTube titles 26, TikTok direct 25, TikTok comments 1; 91 of the 297 read. Cited rows: 26 across 20 independent parents.",20,mixed: explicit buyers and explicit sellers; one partner creator,reddit:t1_njn42rr; reddit:t1_o65m5pj; reddit:t1_o64ua2i; reddit:t3_1om25vd,"Counterevidence rows for the positive reading: AG pass/fail inconsistency and AG-passed damaged cards (t1_njn42rr, t1_o65m5pj, t1_o64ua2i, t3_1om25vd). No error rate for AG can be computed from opinions; counts are rows naming the topic, not incidence.",checker-pending,t3_1todhm0: score=453 baseballcards 2026-05-26; t3_1r8eukv: score=251 PokemonTCG 2026-02-18; t3_1u2j162: score=387 Ebay 2026-06-10; t3_1o7ekel: score=288 PokemonTCG 2025-10-15; UgySNeVlZQU48YJR_Dd4Aa: likes=15; t1_niwjhum: score=3 Ebay 2025-10-11; t1_ovl1bk3: score=60 Ebay 2026-07-04; t1_ns0iwn6: score=2 Sneakers 2025-12-03; t1_ns19b9p: score=1 Sneakers 2025-12-03; t1_odl74kz: score=3 Ebay 2026-03-31; t1_odkd14k: score=2 Ebay 2026-03-31; t3_1s8y9k4: score=3 Ebay 2026-03-31; t3_1q53zhu: score=29 Ebay 2026-01-06; Ugy-N4vfOHdqoFxnakZ4Aa: likes=5; t1_p5ij8ks: score=17 Watches 2026-08-24; t3_1tz0dbm: score=23 rolex 2026-06-07; Ugy1zfbMf-NlX2W_69p4Aa: likes=6; UgwAqcvWStAcfOH6nl94Aa: likes=0; t1_ofgfyui: score=3 handbags 2026-04-10; t1_opkfisj: score=464 Ebay 2026-06-03; t1_p7yaxpk: score=13 Ebay 2026-09-05; t3_1qpssd0: score=52 Ebay 2026-01-29; local_a210513c87638e13: views=3939.0; t3_1llzc73: score=1835 Gold 2025-06-27; t1_n03y0q8: score=88 Gold 2025-06-27; t1_n03l086: score=78 Gold 2025-06-27
XC-F3,F,"The frictions that eBay Live buyers describe (auctions ending in seconds, notification pressure, hype buying) are also described by explicit Whatnot buyers about Whatnot: sudden-death auctions of 3 to 5 seconds and swipe bidding jumps, unwanted notifications, and buying on hype. Live-format friction in this collection is not specific to eBay Live.",FINAL_100_Reddit_conversations_1998_comments,reddit:t1_owwn39k; reddit:t1_omvn0rt; reddit:t1_oeva9nx; reddit:t1_oydr557; reddit:t1_oyo6r47; reddit:t3_1vub4yy; reddit:t1_p50jtgt,Reddit comment and post text,"7 rows across 5 independent posts (r/whatnotapp 4 comments under 3 posts, r/Flipping 1, r/Ebay 1 post + 1 comment).",5,explicit buyers (Whatnot and eBay Live); one r/Flipping reseller who buys from live sellers to flip,reddit:t1_oyfrxmd; reddit:t1_p4zsiqf,"One Whatnot buyer reports about 1,000 purchases and a better experience than eBay (t1_oyfrxmd); one r/Ebay reply says patient buyers get great deals on streams (t1_p4zsiqf). Small numbers; no rate can be inferred.",checker-pending,t1_owwn39k: score=2 whatnotapp 2026-07-11; t1_omvn0rt: score=10 whatnotapp 2026-05-20; t1_oeva9nx: score=5 Flipping 2026-04-07; t1_oydr557: score=2 whatnotapp 2026-07-18; t1_oyo6r47: score=1 whatnotapp 2026-07-20; t3_1vub4yy: score=75 Ebay 2026-08-21; t1_p50jtgt: score=9 Ebay 2026-08-21
XC-F4,F,"Platform mentions in source text are shaped by the search buckets, not by share of voice: Whatnot is named in 181 rows (97 in the broad Reddit pull, which has a competitor_platform_live bucket and 10 r/whatnotapp posts), TikTok Shop in 70, Vinted 49, Depop 42, Poshmark 41, GOAT 36, StockX 26, Mercari 24, Discord 21, Facebook Marketplace 15, TCGplayer 11, Chrono24 3, Purse Forum 1, Fanatics 2 (Fanatics Live 0). These counts locate rows; they are not market shares.",counts over all eight files,,"source text substring counts (all files, dedup applied)","Regex substring counts over 8,339 unique rows (system/error chat rows excluded); see stage3_recounts.json 'platforms'.",0,n/a,none found,"A row naming a platform may praise, attack or merely mention it. Reddit rows dominate because r/whatnotapp and r/TikTokshop were sampled as subreddits.",checker-pending,
XC-F5,F,"Market statements are rare and unbalanced: 72 rows carry UK terms (eBay UK, ebay.co.uk, London, £), 57 carry Australian terms (@ebayau, ebay.com.au, AEST, Aussie), 18 carry German terms (#Anzeige, @eBay Deutschland, modellbahn, Germany), and 40 name Japanese eBay or 'from Japan' (25 in the direct TikTok pull). Nothing about market size follows from these counts.",FINAL_100_Reddit_conversations_1998_comments; FINAL_914_community_TikTok_videos; FINAL_1007_direct_eBay_TikTok_videos,tiktok_video:local_061e0f6f9b783fca632ad1cc60868277921695a253562cd97a8f735514b85af8; tiktok_video:local_e1b518bb12ea89e7544409cb64029950f5745507369bd200d16240f7053dc2ec; tiktok_video:local_39bd7ce14f69545359d9593775c3c87817a1979231709044bba25548684744a1; tiktok_video:local_4e90086ba29711ca9484bb9f85d61efc17878f8361fa5c081162fbe06cccfde1; tiktok_video:local_e9c4f012cf86f5f7fa3865c61be45b12bfab9472fd72a5915d4b0a79c0e8b299; tiktok_video:local_db4809acd5d0539e2ea4bccf0c3bb0b0244e5ad6fbc35283e9f5c9caefa79f72; tiktok_video:local_4defa3ab36606c90aaa4e18935301126242dbfe0423cea2c8e11aa0a2777f0d9; tiktok_video:local_f59398a7a4601f508dc9b45bf6288d2846667db04188f5db991635bb86bd2778; reddit:t1_omyw8vx,source caption; Reddit comment text,"Regex counts over 8,339 unique rows; see stage3_recounts.json 'markets'. UK 72 (TikTok direct 31, broad Reddit 18, YouTube comments 9, TikTok community 8, r/Ebay 3, YouTube titles 3); AU 57; DE 18; Japan-eBay 40.",9,n/a,none found,Term matches are not geolocation: '£' and 'London' can appear in non-UK rows; DE-language captions without a German term are missed. No dataset is geographically balanced.,checker-pending,local_061e0f6f9b783fca: views=66500.0; local_e1b518bb12ea89e7: views=12500.0; local_39bd7ce14f695453: views=101300.0; local_4e90086ba29711ca: views=814.0; local_e9c4f012cf86f5f7: views=1200000.0; local_db4809acd5d0539e: views=636100.0; local_4defa3ab36606c90: views=246100.0; local_f59398a7a4601f50: views=21100.0; t1_omyw8vx: score=2 whatnotapp 2026-05-21
SC-F1,F,"Two different eBay relationships in sports-card source text. In the community (hobby-term) TikTok pull the ritual is ripping, pulling, grading and card-show negotiation, and eBay is almost absent from captions: 1 of the 62 Sports-Cards-labelled community videos names eBay ('cards you buy can be investments... #ebay'). In the direct (eBay-term) pull and on Reddit, eBay is the comp/price reference and the transaction venue, and the loudest current topic is AG handling, packaging and seller cancellations.",FINAL_100_Reddit_conversations_1998_comments; FINAL_137_rEbay_posts_632_comments; FINAL_914_community_TikTok_videos; FINAL_1007_direct_eBay_TikTok_videos,tiktok_video:local_9cc53f16b5a9d3f86ac5c5a4d135d659be319a3e3e6d0c515748b3c4541e05b3; tiktok_video:local_496c6391555f2f4dd9958b3281c74342cabd8badd63444a0e3341b508d75dfa9; tiktok_video:local_41e91d5641b31b2478e864d575ba0a6aea3c4b4f0bb2bf78ddbfd364e1dc1770; tiktok_video:local_332a15b59821a217fec37ae2242091a8e105f87fea47a2eb9c2e2df5ac726246; reddit:t3_1todhm0; reddit:t3_1om25vd; reddit:t3_1u5s64o; reddit:t3_1uvql6e; reddit:t3_1om8vct; reddit:t3_1o6m3c3; reddit:t3_1qkscsr; reddit:t3_1thre78,source caption; Reddit post text,"Community-pull videos labelled Sports Cards (AI-coded): 62; of these 1 names eBay in caption/hashtags (source). Direct-pull captions naming eBay: 684/1,007 (pull selected on eBay terms). Reddit sports-card posts read: 25 of 39 labelled posts (broad 18 + r/Ebay 4 after dedup, plus keyword hits).",12,"creators (captions, role inferred from content); Reddit posters explicit buyers or sellers in the cited disputes",reddit:t1_niwjhum; reddit:t1_ovl1bk3; reddit:t3_1r1a00m,"The direct pull is selected on eBay terms, so eBay presence there is by construction. Positive AG rows exist (t1_niwjhum appeal approved; t1_ovl1bk3 explains the AG process). Reddit threads were sampled to about 30 comments each.",checker-pending,local_9cc53f16b5a9d3f8: views=8100000.0; local_496c6391555f2f4d: views=1811.0; local_41e91d5641b31b24: views=29800.0; local_332a15b59821a217: views=3788.0; t3_1todhm0: score=453 baseballcards 2026-05-26; t3_1om25vd: score=114 Ebay 2025-11-01; t3_1u5s64o: score=814 Ebay 2026-06-14; t3_1uvql6e: score=1044 PokemonTCG 2026-07-13; t3_1om8vct: score=462 Ebay 2025-11-02; t3_1o6m3c3: score=147 baseballcards 2025-10-14; t3_1qkscsr: score=282 IsMyPokemonCardFake 2026-01-23; t3_1thre78: score=734 baseballcards 2026-05-19
SC-F2,F,"Break promotion routes to TikTok Shop and to eBay listings, from different actors. Seven TikTok captions read 'Find your daily breaks located in our TikTok Shop', all from one creator (burtonbreaks; 7 of 1,921 captions, 1 creator; 4 of the 7 read, the count is by code). On YouTube, channel-run 'eBay break' streams (10 of the 20 sports_cards_breaks titles) have 26 to 1,317 views, while entertainment rip and mystery-box videos in the same lane have 19,754 to 542,529 views. Stage 3 corrections: 'breakers' (plural) becomes one creator; the eBay-break view range is 26 to 1,317, not 26 to 606.",FINAL_914_community_TikTok_videos; FINAL_248_YouTube_video_titles,tiktok_video:local_a45d15cb095327354f6eefce9abb111ada63c2cc2aa60f59ebefcad0352c71e2; tiktok_video:local_ddb3b62a73219178d0b5da761e558331c5b8912c43e70b4ec3829ccd7230b183; tiktok_video:local_475e17ccc95775985f118c87c4050bd1ad2f7cdf4cbfd6ff8c443accca94b11e; tiktok_video:local_345a885eec51cda70280fe41d9d8a44231583b22d69b07f11112dc53d65671e0; youtube_video:_rDm8b0LVNQ; youtube_video:iPU9AoWlaBw; youtube_video:LPZ7wtjacn4; youtube_video:EfYNvpJtWmQ; youtube_video:bElKFZcvfg0; youtube_video:zlDlWR6W7h0; youtube_video:sWYyT7Ex69o; youtube_video:Srwgb5wXrZw; youtube_video:bPXCFwpSq8c; youtube_video:tSw3RM7K1xM; youtube_video:Zjj_1OX-Gbs; youtube_video:FaILPcpLD1s; youtube_video:SzVWf_A4BUo; youtube_video:MtNpAZWnn6I; youtube_video:xeMKnCDtNhM; youtube_video:QyAXNatU8Mo,source caption; title context (YouTube titles and view counts are platform metrics),"Captions with 'break(s)' and 'TikTok Shop': 7/1,921 (1 creator); with 'break(s)' and 'Whatnot': 2; with 'break(s)' and 'eBay': 1. sports_cards_breaks lane: 20 titles, 14 name eBay; channel-run eBay break streams 10 titles, views 26 to 1,317; other 10 titles 1,031 to 542,529 views.",20,creators/sellers (promotion); no buyer voice in this claim,tiktok_video:local_d15330509e53c653d0d84112e31a0027be86c3ebfc90683f877af230b1cfd8e3; reddit:t1_p50mp5r,"Views are attention, not buyers. Whether break buyers watch on YouTube or on eBay is not stated in chat. A #whatnotpartner haul caption (local_d1533050) shows Whatnot promotion by a creator too.",checker-pending,local_a45d15cb09532735: views=447900.0; local_ddb3b62a73219178: views=39000.0; local_475e17ccc9577598: views=140300.0; local_345a885eec51cda7: views=94000.0; _rDm8b0LVNQ: views=53; iPU9AoWlaBw: views=39; LPZ7wtjacn4: views=40; EfYNvpJtWmQ: views=37; bElKFZcvfg0: views=1317; zlDlWR6W7h0: views=46; sWYyT7Ex69o: views=26; Srwgb5wXrZw: views=606; bPXCFwpSq8c: views=46; tSw3RM7K1xM: views=43; Zjj_1OX-Gbs: views=542529; FaILPcpLD1s: views=283653; SzVWf_A4BUo: views=241284; MtNpAZWnn6I: views=104664; xeMKnCDtNhM: views=74669; QyAXNatU8Mo: views=46992
SC-F3,F,"The only first-person eBay Live sports-card buyer account in the collection describes friction (a pre-loaded listing that could not be bought outside the show, a queue of 50 to 100 items, 15-second auctions, 'not a great experience as a buyer') and a completed purchase with a host who 'was really nice'.",FINAL_1407_YouTube_comments,youtube_comment:UgzrDtVVH-e2hHYihvR4AaABAg,YouTube comment text,1 comment under 1 video; all 51 rows naming eBay Live were read and no second sports-card buyer account was found.,1,explicit buyer,none found,"One person's account; the stream, date and seller are not named.",checker-pending,UgzrDtVVH-e2hHYihvR4Aa: likes=0
SC-F4,F,"Whatnot buyer voice is explicit and mixed (avoid breaks and impulse buys, 'use the app muted', 'paying double market value to have a pack ripped', counterfeit worries, sudden-death auction and notification complaints) versus 'bought probably 1000 items... better experience than eBay'. Whatnot seller voice reports low viewership ('lucky to have 6 viewers') and low hammer prices, and prefers eBay for singles that sell passively.",FINAL_100_Reddit_conversations_1998_comments,reddit:t1_oydr557; reddit:t1_oyo6r47; reddit:t1_oz5yrln; reddit:t1_oyfrxmd; reddit:t1_p1ynv3d; reddit:t1_omvn0rt; reddit:t1_owwn39k; reddit:t1_p7hz8rr; reddit:t1_p7hxipn; reddit:t1_p7nasw9; reddit:t1_no39bxl,Reddit comment text,"11 comments under 6 posts (r/whatnotapp 5 posts, r/Flipping 1). r/whatnotapp has 10 posts and 194 comments in the broad pull (post count from subreddit field).",5,"explicit buyers (t1_oydr557, t1_oyo6r47, t1_oz5yrln, t1_oyfrxmd, t1_p1ynv3d, t1_omvn0rt, t1_owwn39k); explicit sellers (t1_p7hz8rr, t1_p7hxipn, t1_p7nasw9, t1_no39bxl)",reddit:t1_nn69yj9,One seller says no pre-existing following is needed to do well on Whatnot (t1_nn69yj9). Sampled comments per thread are capped; opposing views may be unsampled.,checker-pending,t1_oydr557: score=2 whatnotapp 2026-07-18; t1_oyo6r47: score=1 whatnotapp 2026-07-20; t1_oz5yrln: score=2 whatnotapp 2026-07-22; t1_oyfrxmd: score=1 whatnotapp 2026-07-19; t1_p1ynv3d: score=1 whatnotapp 2026-08-06; t1_omvn0rt: score=10 whatnotapp 2026-05-20; t1_owwn39k: score=2 whatnotapp 2026-07-11; t1_p7hz8rr: score=2 whatnotapp 2026-09-03; t1_p7hxipn: score=4 whatnotapp 2026-09-03; t1_p7nasw9: score=3 whatnotapp 2026-09-03; t1_no39bxl: score=4 Flipping 2025-11-10
SC-F5,F,"UK Panini sticker, Premier League and match-worn memorabilia sub-communities are not represented in this collection's source text: 'Panini' appears in 12 rows (6 community TikTok captions, 4 YouTube titles, 1 direct caption, 1 YouTube comment), all about US Panini America cards, repacks or breaks except one direct caption about fake World Cup boxes bought on eBay; 'Premier League' appears in 0 rows; 'match-worn' or 'game-worn' in 0 rows; 'memorabilia' in 1 row. This is a coverage fact about the pulls.",FINAL_914_community_TikTok_videos; FINAL_1007_direct_eBay_TikTok_videos,tiktok_video:local_0f3f1249ce15b9d745a17fe29d951047d6893d3b02276edb3b97d3c62b5e050b; tiktok_video:local_a45d15cb095327354f6eefce9abb111ada63c2cc2aa60f59ebefcad0352c71e2,source caption,"Regex counts over 8,339 unique rows: panini 12, premier league 0, match.?worn|game.?worn 0, memorabilia 1.",2,n/a,none found,Absence in these pulls says nothing about the UK community; the pulls were not designed around Panini stickers.,checker-pending,local_0f3f1249ce15b9d7: views=46000.0; local_a45d15cb09532735: views=447900.0
SC-H1,H,"An on-camera 'AG handling and packaging' segment (seller-hosted live on the seller's handle, clipped to @eBayLive) would address the loudest Reddit sports-card complaint; it could also amplify it. Supporting outcome: fewer AG-packaging complaints under the clip than under a matched non-live AG post; rejecting outcome: the same complaint volume.",FINAL_100_Reddit_conversations_1998_comments; FINAL_1007_direct_eBay_TikTok_videos,reddit:t3_1todhm0; tiktok_video:local_a42343e416b932055ae2bc5e940f2a7b3a05db08a82a6f2140fa2e656b70c75f; tiktok_video:local_edf5696ec12bbfb6b9f0a437b3d18de42fe31557babf2fba3bb5e95a50a18c0c; reddit:t1_niwjhum,Reddit post text; source caption,Hypothesis; rests on SC-F1 and XC-F2 rows.,4,n/a,reddit:t1_ovl1bk3,No buyer asks for such a segment in any read row. AG process explanations already exist as comments and captions.,checker-pending,t3_1todhm0: score=453 baseballcards 2026-05-26; local_a42343e416b93205: views=28100.0; local_edf5696ec12bbfb6: views=3657.0; t1_niwjhum: score=3 Ebay 2025-10-11
SC-H2,H,"A live comp-check segment ('what did this actually sell for') is plausible because creators in the direct pull teach eBay as the comp source; no read buyer row asks for it. Test on a creator's own handle, measured by comp-related questions in chat versus a baseline stream.",FINAL_100_Reddit_conversations_1998_comments; FINAL_1007_direct_eBay_TikTok_videos,tiktok_video:local_496c6391555f2f4dd9958b3281c74342cabd8badd63444a0e3341b508d75dfa9; tiktok_video:local_41e91d5641b31b2478e864d575ba0a6aea3c4b4f0bb2bf78ddbfd364e1dc1770; reddit:t3_1vub4yy,source caption; Reddit post text,Hypothesis; 2 creator captions plus 1 buyer account that comp-checked against eBay solds during a live stream.,3,n/a,none found,"Comp-check behaviour is stated by creators and the internal team, not requested by buyers in read rows.",checker-pending,local_496c6391555f2f4d: views=1811.0; local_41e91d5641b31b24: views=29800.0; t3_1vub4yy: score=75 Ebay 2026-08-21
PK-F1,F,"Pokémon attention in the community pull is opening, hit-rate and grading content around the 30th Celebration wave (September 2026), plus retail hunting and scalper resentment. eBay is absent from those captions: 0 of the 87 TCG-labelled community videos name eBay. Buying talk there is retail restocks and drops.",FINAL_914_community_TikTok_videos; FINAL_1007_direct_eBay_TikTok_videos,tiktok_video:local_1459027233631e98693c123858c3bf0452a74d9523669429c2f7a5ea79dcca08; tiktok_video:local_4b8b0af81b73929295327284e2ad87673d1c8cb539b3bf4b824d4d9fae707704; tiktok_video:local_2a99087ef9862b8bf038d9f9d8b28b279658f739f138e4f1f9452d4f64b63780; tiktok_video:local_cbfaedb7e7662b23fe2d4b46f26821e197819a9457399b48fa74329d388dc7be; tiktok_video:local_de2688c18ad4d5bf2f3387b9ae724cb47042387b9c92b3305f361f00fee18afa; tiktok_video:local_d780fa1b1c4c85170b7c05ad0e1743574791d31d4c9a2ff66f345266e6f53aa7; tiktok_video:local_4e77c895243ae8d1ded3c0c389df02b2c57ea76f737adaecbb673f46583ffb7b,source caption,TCG/Pokemon-labelled community videos (AI-coded): 87; naming eBay in caption: 0. Cited: 7 videos read from 44 captions read in the section.,7,creators (role inferred),tiktok_video:local_4e90086ba29711ca9484bb9f85d61efc17878f8361fa5c081162fbe06cccfde1; tiktok_video:local_0bfd1c9e119a18b2f385c1494b75b70bbcfbda1e509aed5c111540a47ea5af20; tiktok_video:local_53082fbbc8746c750ac14bfa62cecdb893e9de49acad1a19f148d82f41e4f4f7,Direct-pull Pokémon captions do name eBay as a singles buying and selling venue; the split is by pull design (hobby terms vs eBay terms).,checker-pending,local_1459027233631e98: views=520500.0; local_4b8b0af81b739292: views=87800.0; local_2a99087ef9862b8b: views=29900.0; local_cbfaedb7e7662b23: views=12800.0; local_de2688c18ad4d5bf: views=570.0; local_d780fa1b1c4c8517: views=822.0; local_4e77c895243ae8d1: views=1153.0
PK-F2,F,"On Reddit eBay is a dispute venue for Pokémon: INAD and fake-claim abuse against sellers, seller scams against buyers, and AG condition disputes on both sides. AG also has explicit defenders (a fake Magikarp caught; creases found that the listing hid; the money-back guarantee still applies) and a stated UK wish for AG on cards.",FINAL_100_Reddit_conversations_1998_comments; FINAL_137_rEbay_posts_632_comments; FINAL_1407_YouTube_comments,reddit:t3_1pbo9ic; reddit:t3_1qd1fa4; reddit:t3_1u15aox; reddit:t3_1r8eukv; reddit:t3_1u2j162; reddit:t3_1r3ngpa; reddit:t3_1qvaf6c; reddit:t3_1o7ekel; reddit:t1_njn3ck9; youtube_comment:UgySNeVlZQU48YJR_Dd4AaABAg; reddit:t1_o64ybsb; reddit:t1_o64htk9; reddit:t1_o64o8wg,Reddit post and comment text; YouTube comment text,"13 rows across 10 independent parents (9 Reddit posts, 1 YouTube video). Pokémon Reddit posts read: 28 of 37 TCG-labelled posts (broad 22 + r/Ebay 15 after dedup).",9,explicit buyers and sellers per row; t1_njn3ck9 UK stated,reddit:t1_o9yqku1,"One r/IsMyPokemonCardFake commenter says fake-claim abuse happens far more with Pokémon than with MTG, Lorcana or One Piece (one seller's claim). Reddit is dispute-selected by bucket (trust_scams_authenticity).",checker-pending,t3_1pbo9ic: score=4999 PokemonTCG 2025-12-01; t3_1qd1fa4: score=1974 PokemonTCG 2026-01-14; t3_1u15aox: score=627 PokemonTCG 2026-06-09; t3_1r8eukv: score=251 PokemonTCG 2026-02-18; t3_1u2j162: score=387 Ebay 2026-06-10; t3_1r3ngpa: score=64 Ebay 2026-02-13; t3_1qvaf6c: score=7649 pokemoncardcollectors 2026-02-04; t3_1o7ekel: score=288 PokemonTCG 2025-10-15; t1_njn3ck9: score=9 PokemonTCG 2025-10-15; UgySNeVlZQU48YJR_Dd4Aa: likes=15; t1_o64ybsb: score=10 PokemonTCG 2026-02-18; t1_o64htk9: score=330 PokemonTCG 2026-02-18; t1_o64o8wg: score=59 PokemonTCG 2026-02-18
PK-F3,F,Audience price-checking is visible in Pokémon TikTok comments (TCGplayer cited; creator prices challenged) and in replay chat ('whats the price on that one?'). No read Pokémon audience row names eBay as the comp source; creators in the direct pull do.,FINAL_500_TikTok_comments_50_videos; FINAL_1435_YouTube_live_chat_rows,tiktok_comment:7686279334882460446; tiktok_comment:7686267440066134814; youtube_live:19bmF518whA:1393,TikTok comment text; chat message,"TCGplayer named in 11 rows collection-wide (TikTok direct 4, community 2, broad Reddit 2, YouTube comments 2, TikTok comments 1). Comment group under the 30th ETB opening: 10 comments read.",2,audience (role unknown),none found,"The TikTok comment IDs for the ETB price challenges are in reviewed_evidence.csv under PK; comment groups are 10 top comments per video, a selection.",checker-pending,7686279334882460446: likes=76 2026-09-16; 7686267440066134814: likes=1328 2026-09-16; 19bmF518whA:1393: chat
PK-F4,F,"eBay Live's Pokémon presence on TikTok is disclosed partner content (the 7.3M-view 'Pokémon card shopping on a budget with the help of eBay Live' is tagged) and seller show announcements (30th anniversary launch streams, 'Ruben is on eBay Live with an ETB for a penny'), plus a partner-promoted Pokémon 30th weekend game show. No unpaid caption in either pull describes an eBay Live Pokémon purchase.",FINAL_1007_direct_eBay_TikTok_videos,tiktok_video:local_88af59ae9a2fa322212e2c329b587b18d8ed944d676cd9e0e6716bcc388db04f; tiktok_video:local_da33bf27eaa5bf7d7831bc3cfed79ec4e31bd8ab04e1278c036ea74605ff020e; tiktok_video:local_8ab883e5b6de9a3d366deedffd5c45e1cd2e5691bb0011b800a4d100a73b040a; tiktok_video:local_51ab5800ba9189e3523179e838ff72ba69ed0a16f7f64c69878b5f2e594de755; tiktok_video:local_e1a367bc55ce75a0f43f151080b6e16c5d159ed94d4119413eab444363f63672,source caption,"5 of the 22 eBay Live captions concern Pokémon; 2 tagged, 3 untagged seller announcements.",5,partner creators; sellers/hosts,none found,As XC-F1.,checker-pending,local_88af59ae9a2fa322: views=7300000.0; local_da33bf27eaa5bf7d: views=134400.0; local_8ab883e5b6de9a3d: views=195.0; local_51ab5800ba9189e3: views=3513.0; local_e1a367bc55ce75a0: views=9100.0
PK-F5,F,"Other TCGs are barely present in source text: One Piece 4 rows, Lorcana 1, Magic 8, Yu-Gi-Oh 4 (one is a Yu-Gi-Oh Nike sneaker thread), Riftbound 0. No sub-community section can be built from them. Fanatics is named in 2 rows and 'Fanatics Live' in 0.",FINAL_100_Reddit_conversations_1998_comments; FINAL_1407_YouTube_comments,reddit:t1_o9yqku1; reddit:t1_oqnhajy; reddit:t1_oony44l; reddit:t3_1pcpv9c; youtube_comment:UgxYEXDXDWSVi1wR2Jh4AaABAg,Reddit comment and post text; YouTube comment text,"Regex counts over 8,339 unique rows (stage3_recounts.json 'other_tcg').",5,n/a,none found,"Absence in the pulls, not in the world; the pulls were Pokémon-weighted by design.",checker-pending,t1_o9yqku1: score=9 IsMyPokemonCardFake 2026-03-12; t1_oqnhajy: score=83 PokemonTCG 2026-06-09; t1_oony44l: score=5 IsMyPokemonCardFake 2026-05-29; t3_1pcpv9c: score=2 Sneakers 2025-12-03; UgxYEXDXDWSVi1wR2Jh4Aa: likes=5
PK-H1,H,"'Open it or keep it sealed' and hit-rate scepticism are live-format-ready (audience vote, sealed-versus-ripped price comparison), but prerecorded series already own that format. Test: one seller-run live 'sealed vs ripped' session on the seller's handle versus the same seller's prerecorded version, measured by price/condition questions in chat and listing click-through.",FINAL_914_community_TikTok_videos,tiktok_video:local_1459027233631e98693c123858c3bf0452a74d9523669429c2f7a5ea79dcca08; tiktok_video:local_4b8b0af81b73929295327284e2ad87673d1c8cb539b3bf4b824d4d9fae707704,source caption,Hypothesis.,2,n/a,none found,No read audience row asks for a live version.,checker-pending,local_1459027233631e98: views=520500.0; local_4b8b0af81b739292: views=87800.0
PK-H2,H,A UK 'AG for cards' message could land; the evidence is one UK-stated comment.,FINAL_100_Reddit_conversations_1998_comments,reddit:t1_njn3ck9,Reddit comment text,1 comment.,1,explicit UK buyer,none found,One person.,checker-pending,t1_njn3ck9: score=9 PokemonTCG 2025-10-15
SN-F1,F,"In the read rows eBay appears in sneaker content as seller promotion and reseller how-to, as disclosed #ad partner posts built on AG (UK and AU creators), and as buyer fake-complaint or AG-confusion threads; it does not appear in community-pull style and rotation captions (0 of 88 Sneakers-labelled community videos name eBay). Stage 3 adds unpaid explicit buyers who prefer eBay for sneakers because of listing photos and AG (r/Sneakers, AU-stated) and a high-volume buyer who reports AG hub shipping delays of up to 30 days.",FINAL_100_Reddit_conversations_1998_comments; FINAL_137_rEbay_posts_632_comments; FINAL_1007_direct_eBay_TikTok_videos; FINAL_1407_YouTube_comments,tiktok_video:local_13d7da97af48c02c84bedfee7fc47a0a04e2c1697109b8e388215f6314abfb9e; tiktok_video:local_53a90dd568b6fc681bbbc189c61c75a312a07a22a07d5c03965ed61b0c915a2b; tiktok_video:local_7551ae4b38154198cb22fca8dd31c51ac0f9b6f2792c1c619e7c264e023e77c2; tiktok_video:local_39bd7ce14f69545359d9593775c3c87817a1979231709044bba25548684744a1; tiktok_video:local_e1b518bb12ea89e7544409cb64029950f5745507369bd200d16240f7053dc2ec; tiktok_video:local_bf98b74df4e3e5bcb83c006ac379d8da8368147147fd27f47810bdf2fed053d9; tiktok_video:local_3663ef62f58286de01387c4ebafba32c316f93e43fa2ce61b2ec3618606ad05a; reddit:t3_1nzw8nl; reddit:t1_niwc5vg; reddit:t3_1s8y9k4; reddit:t3_1q53zhu; reddit:t1_ns0iwn6; reddit:t1_ns19b9p; youtube_comment:Ugy-N4vfOHdqoFxnakZ4AaABAg,source caption; Reddit post and comment text; YouTube comment text,Sneakers-labelled community videos (AI-coded): 88; naming eBay in caption: 0. Cited: 14 rows across 12 independent parents.,12,"sellers (explicit), partner creators, explicit buyers (t1_ns0iwn6, t1_ns19b9p, Ugy-N4vf…)",tiktok_video:local_9834883a31b26545d1be859a03a72cdb489521b328417a43e7a8249b6d0b8fe1; tiktok_video:local_70b7ebe20ee81271bc5e3b2b08960a6ac11222c00542eecaab7b9a4b19891bf4,Community-pull style captions were read (12) and none names eBay; the 'Current Sneaker Rotation' caption cited in Stage 2 notes as local_98348833… is a transcription typo for local_9834883a…; the row exists and is registered.,checker-pending,local_13d7da97af48c02c: views=159.0; local_53a90dd568b6fc68: views=644.0; local_7551ae4b38154198: views=247.0; local_39bd7ce14f695453: views=101300.0; local_e1b518bb12ea89e7: views=12500.0; local_bf98b74df4e3e5bc: views=33500.0; local_3663ef62f58286de: views=103800.0; t3_1nzw8nl: score=1 Sneakers 2025-10-06; t1_niwc5vg: score=1 Sneakers 2025-10-11; t3_1s8y9k4: score=3 Ebay 2026-03-31; t3_1q53zhu: score=29 Ebay 2026-01-06; t1_ns0iwn6: score=2 Sneakers 2025-12-03; t1_ns19b9p: score=1 Sneakers 2025-12-03; Ugy-N4vfOHdqoFxnakZ4Aa: likes=5
SN-F2,F,Legit-checking is the community's own ritual (real-vs-fake YouTube series; replica jokes in TikTok comments; a UK first-time buyer 'afraid that I received the rep'); authentication trust is contested platform by platform (StockX fake stories versus loyalty; eBay AG 'broken things passed' versus 'eBay has your back').,FINAL_100_Reddit_conversations_1998_comments; FINAL_1407_YouTube_comments,youtube_comment:UgxbPBFfSv3Tyf-ofop4AaABAg; reddit:t1_odl74kz; reddit:t1_odkd14k,YouTube comment text; Reddit comment text,"TikTok comment group IDs are in reviewed_evidence.csv under SN (2 groups, 20 comments, 2026-dated).",2,mixed,reddit:t1_ns19b9p,The full YouTube comment IDs for the StockX rows are in the register; role of YouTube commenters is unknown unless stated.,checker-pending,UgxbPBFfSv3Tyf-ofop4Aa: likes=1; t1_odl74kz: score=3 Ebay 2026-03-31; t1_odkd14k: score=2 Ebay 2026-03-31
SN-F3,F,UK and AU market statements exist in sneaker rows; no DE-stated sneaker row was found (absence in this pull).,FINAL_100_Reddit_conversations_1998_comments; FINAL_1007_direct_eBay_TikTok_videos,tiktok_video:local_7551ae4b38154198cb22fca8dd31c51ac0f9b6f2792c1c619e7c264e023e77c2; tiktok_video:local_e1b518bb12ea89e7544409cb64029950f5745507369bd200d16240f7053dc2ec; tiktok_video:local_39bd7ce14f69545359d9593775c3c87817a1979231709044bba25548684744a1; reddit:t1_ns0iwn6,source caption; Reddit comment text,"4 rows; DE-term rows collection-wide 18, none labelled Sneakers.",4,n/a,none found,"Term matching, not geolocation.",checker-pending,local_7551ae4b38154198: views=247.0; local_e1b518bb12ea89e7: views=12500.0; local_39bd7ce14f695453: views=101300.0; t1_ns0iwn6: score=2 Sneakers 2025-12-03
SN-H1,H,"An on-camera legit-check/AG walkthrough series (creator plus authenticator) matches the ritual; the risk is that the audience reads it as more #ad. Test on a legit-check creator's own handle versus @eBay, measured by replica-doubt comments and listing clicks.",FINAL_100_Reddit_conversations_1998_comments; FINAL_1007_direct_eBay_TikTok_videos,tiktok_video:local_39bd7ce14f69545359d9593775c3c87817a1979231709044bba25548684744a1; reddit:t1_ns19b9p,source caption; Reddit comment text,Hypothesis.,2,n/a,none found,"Client tension to report, not resolve: the sprint Q&A lists sneakers as a Live right-to-win category; the call said sneakers are probably not a big Live focus.",checker-pending,local_39bd7ce14f695453: views=101300.0; t1_ns19b9p: score=1 Sneakers 2025-12-03
SN-H2,H,"Streetwear outfit audiences (budget rotations, link-seeking, price scepticism) are a different behaviour from sneaker collecting and legit-checking; live selling maps to the latter.",FINAL_914_community_TikTok_videos,tiktok_video:local_70b7ebe20ee81271bc5e3b2b08960a6ac11222c00542eecaab7b9a4b19891bf4,source caption,Hypothesis.,1,n/a,none found,Comment IDs for the wardrobe video are in the register under SN.,checker-pending,local_70b7ebe20ee81271: views=204800.0
LX-HB-F1,F,Handbag buyers and stylists in the direct pull present eBay as the vintage and preloved find venue and share vetting know-how (trusted-seller lists; a Japanese-eBay how-to sub-genre echoed on YouTube and r/handbags). Community-pull bag captions do not name eBay except one collection caption tagged #ebay #mercari (1 of 61 Luxury-labelled community videos).,FINAL_100_Reddit_conversations_1998_comments; FINAL_914_community_TikTok_videos; FINAL_1007_direct_eBay_TikTok_videos; FINAL_248_YouTube_video_titles,tiktok_video:local_e355b2cca0668449f435497d0fa11615ca35a5528a3be768c863ef76c5b6ae3d; tiktok_video:local_0bd4eacddc0258a05c80bada442bde34fdf384a4a1fbd9d14460b7b3b7f412b1; tiktok_video:local_d6e870d2c623ba4eeb158e7c5b550e4be05537271113b9d9d6118101f4307e3c; tiktok_video:local_71ce9e5c54daf89257545d03a2cc77974cd7b32b3f2241e76a7728912d7fc6a2; tiktok_video:local_d0324d979a188f4e8e2c7164ff6103d224c57713a362d43e6a9b06dd4460883e; tiktok_video:local_f59398a7a4601f508dc9b45bf6288d2846667db04188f5db991635bb86bd2778; tiktok_video:local_cdcaeca83e9c10478867330a5338e43a1b9b05fc43987c8ba100ba36fc95ab09; youtube_video:-TgKIoItPPM; youtube_video:8ATRm1Bp1sU; reddit:t1_ofgfyui; tiktok_video:local_5afb86bf92bfa35ff8ff15568958d2214e8b3755ed7fbf639db59cc37b3ba2cb,source caption; title context; Reddit comment text,Luxury-labelled community videos (AI-coded): 61; naming eBay: 1. Japanese eBay named in 40 rows collection-wide (25 direct captions).,11,buyers/stylists (role inferred from caption),none found,Direct-pull presence is by pull construction.,checker-pending,local_e355b2cca0668449: views=501.0; local_0bd4eacddc0258a0: views=4889.0; local_d6e870d2c623ba4e: views=57400.0; local_71ce9e5c54daf892: views=60500.0; local_d0324d979a188f4e: views=40800.0; local_f59398a7a4601f50: views=21100.0; local_cdcaeca83e9c1047: views=926.0; -TgKIoItPPM: views=703; 8ATRm1Bp1sU: views=4993; t1_ofgfyui: score=3 handbags 2026-04-10; local_5afb86bf92bfa35f: views=1278.0
LX-HB-F2,F,"Handbag authentication is community-run (Purse Forum, research, trusted-seller lists); AG is rarely named in handbag Reddit rows, and where AG is argued on r/Ebay it is as seller protection, contested both ways. Stage 3 correction: one YouTube commenter (watches_auth lane) says 'Ebay authentication is great' after buying two LV purses, and an r/Ebay seller reports eBay's authenticator determining a Whatnot-bought LV wallet counterfeit a year after resale.",FINAL_100_Reddit_conversations_1998_comments; FINAL_137_rEbay_posts_632_comments; FINAL_1007_direct_eBay_TikTok_videos; FINAL_1407_YouTube_comments,reddit:t1_ofgfyui; reddit:t3_1sbzdvx; reddit:t3_1shwwz7; reddit:t1_opkfisj; reddit:t1_p7yaxpk; youtube_comment:UgwAqcvWStAcfOH6nl94AaABAg; reddit:t3_1qpssd0; reddit:t1_p8kecsh; tiktok_video:local_a210513c87638e131a381011464f3c91b4a7507f4bd1ef2693f741a2be1f261c; tiktok_video:local_3e70873d7b6e8f9c43b0617116235378aaaeaa7b32dbeef01152e123342811f2,"Reddit comment and post text; YouTube comment text; source caption (one #ebaypartner post and one consignment seller promo, both promotion)",10 rows across 9 parents.,9,"explicit buyers (t3_1sbzdvx, t3_1shwwz7, Ugw…); explicit sellers (t1_opkfisj, t1_p7yaxpk, t3_1qpssd0); promotion (2 captions)",youtube_comment:UgwAqcvWStAcfOH6nl94AaABAg,"The positive AG buyer row sits under a watches video, not a handbag video. Purse Forum is named in 1 row collection-wide.",checker-pending,t1_ofgfyui: score=3 handbags 2026-04-10; t3_1sbzdvx: score=2 handbags 2026-04-04; t3_1shwwz7: score=2 handbags 2026-04-10; t1_opkfisj: score=464 Ebay 2026-06-03; t1_p7yaxpk: score=13 Ebay 2026-09-05; UgwAqcvWStAcfOH6nl94Aa: likes=0; t3_1qpssd0: score=52 Ebay 2026-01-29; t1_p8kecsh: score=5 eBaySellerAdvice 2026-09-08; local_a210513c87638e13: views=3939.0; local_3e70873d7b6e8f9c: views=9633.0
LX-HB-F3,F,"Seller reluctance to list luxury on eBay (chargebacks, INAD) is a loud, high-score r/Ebay theme ('Never sell luxury items on eBay', score 285).",FINAL_100_Reddit_conversations_1998_comments,reddit:t3_1oe3rv0; reddit:t1_nkykxsw; reddit:t1_nlai4ln,Reddit post and comment text,"3 rows, 1 post.",1,explicit sellers,reddit:t1_nkynsy1; reddit:t1_p5gv32z,Same thread: 'Pokemon cards... all go to an Authenticator first which gives me peace of mind'; r/Watches: 'sold many watches on eBay and never had an issue'.,checker-pending,t3_1oe3rv0: score=285 Ebay 2025-10-23; t1_nkykxsw: score=43 Ebay 2025-10-23; t1_nlai4ln: score=2 Ebay 2025-10-25
LX-HB-H1,H,"'How I vet a listing / my trusted sellers' as a live format with an authenticator or preloved seller; a Japanese-seller preloved segment is a concrete, already-viewed content type. Route: seller's own handle first; @eBay clip. Outcome: trusted-seller questions answered in chat; listing saves.",FINAL_1007_direct_eBay_TikTok_videos,tiktok_video:local_71ce9e5c54daf89257545d03a2cc77974cd7b32b3f2241e76a7728912d7fc6a2; tiktok_video:local_f59398a7a4601f508dc9b45bf6288d2846667db04188f5db991635bb86bd2778,source caption,Hypothesis.,2,n/a,none found,Prerecorded how-tos already serve this.,checker-pending,local_71ce9e5c54daf892: views=60500.0; local_f59398a7a4601f50: views=21100.0
LX-HB-H2,H,"Preloved-luxury live auctions are promoted on TikTok ('Mega live alert... #auction #chanel', host platform not stated) and one YouTube title unboxes a Chanel bag bought on eBay Live UK; a seller-run eBay Live handbag auction is testable. Entry-price items (charms, small leather goods) are untested in these rows.",FINAL_914_community_TikTok_videos; FINAL_248_YouTube_video_titles,tiktok_video:local_0ada9f218a43775e20e0a39e87901a6e07bdc5d396cfa1244fc1cd11da08cc90; youtube_video:P-F3SpVz-CQ; tiktok_video:local_cec361e65637851079915daae0a0dc7c3fc3fcb628354621fe87857f5bd7465e,source caption; title context,Hypothesis; 3 rows.,3,n/a,none found,Host platform of the TikTok 'mega live' unknown; the YouTube video is unwatched (61 views).,checker-pending,local_0ada9f218a43775e: views=7905.0; P-F3SpVz-CQ: views=61; local_cec361e656378510: views=152.0
LX-W-F1,F,"Watch community voice lives on Reddit (r/Watches, r/rolex) as expertise and risk management: seller-protection doubts and 'never sell watches on eBay' sentiment alongside AG named as the reason a buyer or seller trusted an eBay transaction. Stage 3 adds two YouTube commenters who buy watches on eBay (one regularly from Japan) and trust AG, and one r/Watches seller with no issues across many sales. TikTok watch rows are few (unboxing, repair).",FINAL_100_Reddit_conversations_1998_comments; FINAL_1007_direct_eBay_TikTok_videos; FINAL_1407_YouTube_comments,reddit:t3_1vweez9; reddit:t1_p5gahje; reddit:t1_p5gb6s4; reddit:t1_p5gbcao; reddit:t1_p5ij8ks; reddit:t3_1tz0dbm; reddit:t1_oq7fajb; reddit:t3_1oqfzzy; reddit:t3_1p7d9qr; reddit:t1_nqybkth; youtube_comment:Ugy1zfbMf-NlX2W_69p4AaABAg; youtube_comment:UgwAqcvWStAcfOH6nl94AaABAg; reddit:t1_p5gv32z; tiktok_video:local_ac2e94cb73e26ece12c3779f78bd128648d8c86c4cd5d5008976d88c2608809f; tiktok_video:local_d21a49d827bd1ff3d5b5004547870111d9efcccf4c3776a5dc29c18fc750a6a4,Reddit post and comment text; YouTube comment text; source caption,"15 rows across 10 parents. Watch keyword rows collection-wide (reproducible pattern in stage3_recounts.py): 178 (broad Reddit 85, YouTube comments 41, TikTok community 15, r/Ebay 14, TikTok direct 11, YouTube titles 8, TikTok comments 2, chat 2); Stage 1's 183 used a different, unrecorded pattern.",7,explicit buyers and sellers per row,youtube_comment:UgzfGt8L5RoXYTzy7Ul4AaABAg,One YouTube commenter alleges unhonoured trade-in promises after spending $17K with seller Vookum on eBay Live (one person's unverified claim about a client-named seller).,checker-pending,t3_1vweez9: score=142 Watches 2026-08-23; t1_p5gahje: score=123 Watches 2026-08-23; t1_p5gb6s4: score=84 Watches 2026-08-23; t1_p5gbcao: score=47 Watches 2026-08-23; t1_p5ij8ks: score=17 Watches 2026-08-24; t3_1tz0dbm: score=23 rolex 2026-06-07; t1_oq7fajb: score=2 rolex 2026-06-07; t3_1oqfzzy: score=2 rolex 2025-11-07; t3_1p7d9qr: score=102 Watches 2025-11-26; t1_nqybkth: score=5 Watches 2025-11-26; Ugy1zfbMf-NlX2W_69p4Aa: likes=6; UgwAqcvWStAcfOH6nl94Aa: likes=0; t1_p5gv32z: score=8 Watches 2026-08-23; local_ac2e94cb73e26ece: views=4674.0; local_d21a49d827bd1ff3: views=24400.0
LX-W-H1,H,An authenticator-led live segment ('what AG checks on a watch') fits the expertise ritual; TikTok reach for watches is unproven here. Route: @eBayLive with a named authenticator or a seller like Vookum; outcome: AG-process questions and AG-listing saves.,FINAL_100_Reddit_conversations_1998_comments; FINAL_1407_YouTube_comments; FINAL_248_YouTube_video_titles,reddit:t1_p5ij8ks; youtube_comment:Ugy1zfbMf-NlX2W_69p4AaABAg; youtube_video:hWJ0uGyO1Pk,Reddit comment text; YouTube comment text; title context,Hypothesis.,3,n/a,youtube_comment:UgzfGt8L5RoXYTzy7Ul4AaABAg,As LX-W-F1 caveat.,checker-pending,t1_p5ij8ks: score=17 Watches 2026-08-24; Ugy1zfbMf-NlX2W_69p4Aa: likes=6; hWJ0uGyO1Pk: views=25
LX-VD-F1,F,"Vintage designer clothing content is buyer-side finds and label education ('Most vintage designer clothing isn't even designer. Understand licensing'); eBay UK is named by a UK creator. Fragrance is thin: 14 rows name fragrance, perfume or cologne (7 are YouTube comments under one watches_auth-lane video), and fake risk is the only theme.",FINAL_914_community_TikTok_videos; FINAL_1007_direct_eBay_TikTok_videos; FINAL_248_YouTube_video_titles,tiktok_video:local_d886ed8f744638875812a74795906be056da863f84761aec80f66b8728729033; tiktok_video:local_061e0f6f9b783fca632ad1cc60868277921695a253562cd97a8f735514b85af8; tiktok_video:local_43581f51c83927d2be62c2bf6038cca40e6ba00e48c3d5c209e519df071e3c63; tiktok_video:local_714e362b6b93a783bb048370192c054431ce9c2f374d775653839d3c72ccfa62; tiktok_video:local_43dc3f742c4fca48a55be512fbc647cb122edf2d481045c7d4164d36fbd245e2; youtube_video:urGSyXd0wCo,source caption; title context,"Fragrance regex rows: 14 (YouTube comments 7, TikTok direct 3, broad Reddit 2, r/Ebay 1, YouTube titles 1). Stage 2 said 7 rows; the reproducible count is 14.",6,creators (inferred),none found,Overlaps the thrift cluster (AB-TV).,checker-pending,local_d886ed8f74463887: views=18000.0; local_061e0f6f9b783fca: views=66500.0; local_43581f51c83927d2: views=26000.0; local_714e362b6b93a783: views=19600.0; local_43dc3f742c4fca48: views=26300.0; urGSyXd0wCo: views=584
EL-F1,F,"Electronics splits into four strands: camera and digicam collecting where eBay is the named sourcing venue and Japanese sellers a recurring topic; retro-tech nostalgia (iPods, consoles, hi-fi) where eBay is absent from read community captions (1 of 188 Electronics-labelled community videos names eBay: a Nikon Coolpix sourced for nail photos) and clone consoles sell via TikTok Shop; mainstream electronics where eBay content is scam-anxiety and repair storytelling (a roach-infested Xbox on r/Ebay, 2026-09-24); and reseller sourcing and what-sold content. Stage 3 adds two unpaid buyer-joy captions (a refurbished Wii from eBay, 45.4k views; 'Girls don't walk, run on eBay' for a digicam).",FINAL_100_Reddit_conversations_1998_comments; FINAL_137_rEbay_posts_632_comments; FINAL_914_community_TikTok_videos; FINAL_1007_direct_eBay_TikTok_videos,tiktok_video:local_71c0aed93a91f43015cd7d4da3074e2108d8c22e4b45737a10d60fb9ad802cc0; tiktok_video:local_ced297394efad9a77f06400da71cd123c622b33df4e1d7f2d2456e4163c2ed8a; tiktok_video:local_c31e30959548adcde9b9081a868319f77d47317e4d16759af2e143aad793a0de; tiktok_video:local_b905f0ac85d9216c8f32df4f1e0131448f8e1bec843fc7e65a966d9743920c7f; tiktok_video:local_03bf92808684d4ed2a7ffeb76d334106289c4f6d07feb48f1ee3e9071460a7c9; tiktok_video:local_27a9e453accd09c6c23abfded25afc2db55d0d1d539a269bd778d41ce18dba2d; tiktok_video:local_58c394ee4f577092a40022d8db608a0f70f88ecef87b49c4b8809d6d2e7d3f0f; tiktok_video:local_ffb785432e3e2fd93c80aa382d8015d349cbd43b7e9f30f8b3b0f3a7e9f9f47c; tiktok_video:local_af01bbb0745cf633ad07f33595c83e920db9c30291fb98739e02db9c93644661; tiktok_video:local_d1016b2aee1111928e29c17a34d80f530eaa0f0e1a9b771d10b7d861eafc0bf9; tiktok_video:local_6ef354d11a5fe232218e48d6419048e1ba19dac971095ded4820dc9d7d9915bd; tiktok_video:local_ce987d6e44b76413c7d1dc5e830d12a4940adb3b8ef521cd9b218af71e8ffbcc; reddit:t3_1wphbkz; tiktok_video:local_dfb628f8bb2528eda2e0c09cdd1c37ee5d10b81a9dc5b79057def1c35b7de5bf; tiktok_video:local_2346635f9946fbb4f862e6f20fdb41841c56b99e66af17a06fbccea788ef078c; reddit:t3_1r91qdw; reddit:t3_1ojc3n1; reddit:t1_nm1ytgc,source caption; Reddit post and comment text,Electronics-labelled community videos (AI-coded): 188; naming eBay: 1. Cited 18 rows across 17 parents.,17,"buyers (inferred from caption), resellers (explicit), r/Ebay buyer (explicit)",tiktok_video:local_372655ccab8e088f9d883944f2aa9ddbd04dcc0fb5e4da02ee00ccd7e6b4f6b7,Retro console 'gamestick' captions are seller/affiliate promotion (TikTok Shop); the 2024 comment group is historical.,checker-pending,local_71c0aed93a91f430: views=46500.0; local_ced297394efad9a7: views=27200.0; local_c31e30959548adcd: views=5839.0; local_b905f0ac85d9216c: views=706300.0; local_03bf92808684d4ed: views=1500000.0; local_27a9e453accd09c6: views=575400.0; local_58c394ee4f577092: views=702600.0; local_ffb785432e3e2fd9: views=813300.0; local_af01bbb0745cf633: views=915900.0; local_d1016b2aee111192: views=37900.0; local_6ef354d11a5fe232: views=219800.0; local_ce987d6e44b76413: views=970.0; t3_1wphbkz: score=1 Ebay 2026-09-24; local_dfb628f8bb2528ed: views=45400.0; local_2346635f9946fbb4: views=10400.0; t3_1r91qdw: score=2216 Ebay 2026-02-19; t3_1ojc3n1: score=20467 mildlyinteresting 2025-10-29; t1_nm1ytgc: score=1846 mildlyinteresting 2025-10-29
EL-F2,F,"The 'what sold on eBay today' reseller format reaches large TikTok audiences (1.5M views on one read row) and is category-agnostic; it is seller education, not buyer demand.",FINAL_1007_direct_eBay_TikTok_videos,tiktok_video:local_03bf92808684d4ed2a7ffeb76d334106289c4f6d07feb48f1ee3e9071460a7c9; tiktok_video:local_1af7f3b9b2f226d2dfc118b7c2a482f970c087887b59c198e3fa21a131695c14,source caption,2 captions; views are platform metrics.,2,resellers (explicit),none found,Two rows; the format's reach is not measured across the pull.,checker-pending,local_03bf92808684d4ed: views=1500000.0; local_1af7f3b9b2f226d2: views=164800.0
EL-H1,H,"A live 'does it work' test segment (power-on, shutter count, lens fungus) matches condition anxiety in camera and console rows; prerecorded repair and unboxing already serve it. Test on a camera seller's handle; outcome: condition questions answered live and the return rate on live-sold cameras versus listings (business data needed).",FINAL_137_rEbay_posts_632_comments; FINAL_914_community_TikTok_videos; FINAL_1007_direct_eBay_TikTok_videos,tiktok_video:local_c31e30959548adcde9b9081a868319f77d47317e4d16759af2e143aad793a0de; tiktok_video:local_6ef354d11a5fe232218e48d6419048e1ba19dac971095ded4820dc9d7d9915bd; reddit:t3_1wphbkz; tiktok_video:local_3cc532cfb019c7ea875311383c245b93612a512a40a3524f51e38897f7cb34c5,source caption; Reddit post text,Hypothesis.,4,n/a,none found,"The model-train caption local_3cc532cf… shows the same 'sold untested, tested on camera' ritual in another hobby.",checker-pending,local_c31e30959548adcd: views=5839.0; local_6ef354d11a5fe232: views=219800.0; t3_1wphbkz: score=1 Ebay 2026-09-24; local_3cc532cfb019c7ea: views=406.0
EL-H2,H,Retro-tech nostalgia attention is large but its buying route in read rows is TikTok Shop and unspecified links; no read row asks for live.,FINAL_914_community_TikTok_videos,tiktok_video:local_ffb785432e3e2fd93c80aa382d8015d349cbd43b7e9f30f8b3b0f3a7e9f9f47c; tiktok_video:local_af01bbb0745cf633ad07f33595c83e920db9c30291fb98739e02db9c93644661; tiktok_video:local_27a9e453accd09c6c23abfded25afc2db55d0d1d539a269bd778d41ce18dba2d,source caption,Hypothesis.,3,n/a,tiktok_video:local_dfb628f8bb2528eda2e0c09cdd1c37ee5d10b81a9dc5b79057def1c35b7de5bf,One nostalgia caption does name eBay (refurbished Wii).,checker-pending,local_ffb785432e3e2fd9: views=813300.0; local_af01bbb0745cf633: views=915900.0; local_27a9e453accd09c6: views=575400.0
TY-F1,F,"The toys label covers at least five hobbies with different venues: blind box and designer toys (Pop Mart retail hunts; no eBay in read captions, and the one blind-box caption naming eBay treats it as too expensive and buys via Mercari/JPfans); anime and action figures (eBay as comp and purchase venue, with packaging and scam disputes on r/Ebay); model trains (layouts, shows, hobby shops); vintage lines (eBay as first purchase and lot-buying venue; heavy reseller sourcing); plush (rarity unboxing; thrift-to-eBay resale). Stage 3 correction: model trains do name eBay in 2 community captions (a first N-scale locomotive imported via eBay; an Aristocraft unit bought 'sold untested' and tested on camera), and 1 of 137 Toys-labelled community videos names eBay (vintage pins from eBay).",FINAL_137_rEbay_posts_632_comments; FINAL_914_community_TikTok_videos; FINAL_1007_direct_eBay_TikTok_videos,tiktok_video:local_d18974a6d89427cdf38d9f43ce12f094884ee774baa0c7172838fccf7af3fa8d; tiktok_video:local_a379d2916057f327ccd77622fa131c4a6068268a70c7fc6886987e715890590e; tiktok_video:local_0e1abd6b9be087b8243cec21e63f33dbacd357eb359cb36bfd2caa74cc17d16e; tiktok_video:local_631e6ad9caedbe5ed0602d9223359e1490afbf8b118d142f055c8cfb4000562b; tiktok_video:local_3ca5b7c3bad19a465db8699f62a9b255f8ec4863c0777d93f1abc8d293f7afd9; tiktok_video:local_bf4de5e601a75a64b5d24a9e51671538941f4e4c97d5f4daefab36823c0bd03e; tiktok_video:local_4472cc815eceb65ba2bb52daedeadfe527f6b7a76fcab9955aff7e8464e8a4b0; tiktok_video:local_cfb33c9b1b580c0ddf5d85d2c053bc2f35ddb299978f82a81e62cdb9c889c98e; tiktok_video:local_9aa09393c4e511f1b9711e378d2c72a569fdaf876b6858066bbbcfffb248f875; tiktok_video:local_e46e35faa1add5a6e765a1cffd18e55b9223d41ba447580b1155d732886c877e; reddit:t3_1skd4mg; reddit:t3_1txny14; reddit:t1_opzx1zy; reddit:t1_odxel8c; tiktok_video:local_352f0ba98a361347b2fd78a2ba7547d65cc4f52f091c7ae6fca37204b252d66a; tiktok_video:local_4defa3ab36606c90aaa4e18935301126242dbfe0423cea2c8e11aa0a2777f0d9; tiktok_video:local_e3650793a27711c0b8beebc170244673f262e68c216611a4dda227ffff49fe23; tiktok_video:local_45817e9aa1a1ae683f282e3d2b5acf290a88f9b479faec5abe5f1b2d79b3b992; tiktok_video:local_99a0742387d2501f2bf64ff4770214721141d4f776036d5d4aab7e677a306d4f; tiktok_video:local_3cc532cfb019c7ea875311383c245b93612a512a40a3524f51e38897f7cb34c5; tiktok_video:local_13a61846bf301004ba3aad841138b6a9242040be233733d75a62cbd2e183c143; tiktok_video:local_667ec305f0a6ffc24213c189d63809ff03b0baeb0d06ad27d8b224ef993d57f2; tiktok_video:local_1244835c61b6d87d69beb86d5f2dd21417c366acae25a54b6dba59335f235595; tiktok_video:local_7d25e976f18e82140000bbdc3695d32d8e3e5491b2d373be2858d881a0702a12; tiktok_video:local_17dd25520748e0c98e498efbcd040975a57cff0833bf4f8ff1c66d74bc501b40; tiktok_video:local_1af7f3b9b2f226d2dfc118b7c2a482f970c087887b59c198e3fa21a131695c14; tiktok_video:local_3135e0e8ffd4ecd274fa377ca352d09c345a4447be1c4f730fb8a696d0cc0b54; tiktok_video:local_24b4ad5ae83bdff6de0bac99c3eddbc8d8ca31abff5d3f97e08b707f1766b62c; tiktok_video:local_11c6d0893a1b25476d633ebd84d66f2428ee027c5d0d72c8ba0c83d71cce1b80,source caption; Reddit post and comment text,"Toys-labelled community videos (AI-coded): 137; naming eBay: 1. Train keyword rows: 36 (35 community captions), of which 2 name eBay. Blind-box keyword rows: 69, of which 1 names eBay. Cited 29 rows across 27 parents.",28,collectors/buyers (inferred); resellers (explicit); r/Ebay posters explicit,tiktok_video:local_99a0742387d2501f2bf64ff4770214721141d4f776036d5d4aab7e677a306d4f; tiktok_video:local_3cc532cfb019c7ea875311383c245b93612a512a40a3524f51e38897f7cb34c5; tiktok_video:local_4472cc815eceb65ba2bb52daedeadfe527f6b7a76fcab9955aff7e8464e8a4b0,Stage 2's 'blind box and trains never name eBay in read rows' is withdrawn; the counter rows are listed. Roles are inferred from captions.,checker-pending,local_d18974a6d89427cd: views=75200.0; local_a379d2916057f327: views=64000.0; local_0e1abd6b9be087b8: views=80600.0; local_631e6ad9caedbe5e: views=629000.0; local_3ca5b7c3bad19a46: views=1300000.0; local_bf4de5e601a75a64: views=4539.0; local_4472cc815eceb65b: views=538.0; local_cfb33c9b1b580c0d: views=7408.0; local_9aa09393c4e511f1: views=704.0; local_e46e35faa1add5a6: views=270500.0; t3_1skd4mg: score=544 Ebay 2026-04-13; t3_1txny14: score=505 Ebay 2026-06-05; t1_opzx1zy: score=78 Ebay 2026-06-05; t1_odxel8c: score=69 Ebay 2026-04-02; local_352f0ba98a361347: views=43400.0; local_4defa3ab36606c90: views=246100.0; local_e3650793a27711c0: views=413.0; local_45817e9aa1a1ae68: views=23400.0; local_99a0742387d2501f: views=36800.0; local_3cc532cfb019c7ea: views=406.0; local_13a61846bf301004: views=9586.0; local_667ec305f0a6ffc2: views=890.0; local_1244835c61b6d87d: views=16300.0; local_7d25e976f18e8214: views=93400.0; local_17dd25520748e0c9: views=1943.0; local_1af7f3b9b2f226d2: views=164800.0; local_3135e0e8ffd4ecd2: views=492600.0; local_24b4ad5ae83bdff6: views=129500.0; local_11c6d0893a1b2547: views=1402.0
TY-F2,F,"Audience purchase intent shows up in comments as 'ILL TAKE THEM' / 'are you selling these anywhere' under a collection display (My Little Pony, 1.4M views; comments 2026) and as price-and-link demands under product videos; it names no platform.",FINAL_914_community_TikTok_videos; FINAL_500_TikTok_comments_50_videos,tiktok_video:local_6db83504746b2179c840f96de558d4ea154cdc62a532455040761a4d05dc8628; tiktok_comment:7641731808408814367,TikTok comment text (comment IDs in reviewed_evidence.csv under TY),"1 parent video, 10 comments read (top comments, a selection).",2,audience (role unknown),none found,Comment likes are attention; no purchase is observed.,checker-pending,local_6db83504746b2179: views=1400000.0; 7641731808408814367: likes=15848 2026-05-19
TY-F3,F,The Whatnot account's Labubu explainer reached 12.1M views but its top comments reject the hobby ('Grown adults btw'; 'I honestly dont see the hype'): reach is not community.,FINAL_914_community_TikTok_videos,tiktok_video:local_7f7b4dda73c9c16a9bc3f8d09c5b6f4228f4f9c25ca2c64bd8d55eaf69098beb,source caption; TikTok comment text (comment IDs in the register under TY; comments 2025),"1 video, 10 comments read.",1,audience (role unknown),none found,Top-comment selection; the video's actual audience is unknown.,checker-pending,local_7f7b4dda73c9c16a: views=12100000.0
TY-H1,H,"'The collection goes up for sale live' (collector's own handle, routed to eBay Live) mirrors the MLP comment reaction; unproven that commenters follow to a marketplace. Outcome: share of chat 'I'll take it' that converts to bids (business data).",FINAL_914_community_TikTok_videos; FINAL_500_TikTok_comments_50_videos,tiktok_video:local_6db83504746b2179c840f96de558d4ea154cdc62a532455040761a4d05dc8628; tiktok_comment:7641731808408814367,TikTok comment text,Hypothesis.,2,n/a,none found,One video's comments.,checker-pending,local_6db83504746b2179: views=1400000.0; 7641731808408814367: likes=15848 2026-05-19
TY-H2,H,"Model trains: real US community content (shows, HO/O gauge layouts, a #modellbahn tag) with eBay named as a buying venue in 2 captions; no live link in read rows. A discovery question (are train buyers on eBay, and what do they check before buying?), not yet a Live format.",FINAL_914_community_TikTok_videos,tiktok_video:local_99a0742387d2501f2bf64ff4770214721141d4f776036d5d4aab7e677a306d4f; tiktok_video:local_3cc532cfb019c7ea875311383c245b93612a512a40a3524f51e38897f7cb34c5; tiktok_video:local_13a61846bf301004ba3aad841138b6a9242040be233733d75a62cbd2e183c143; tiktok_video:local_4defa3ab36606c90aaa4e18935301126242dbfe0423cea2c8e11aa0a2777f0d9,source caption,Hypothesis; trains keyword rows 36.,4,n/a,none found,Stage 2 version said 'no eBay link'; corrected.,checker-pending,local_99a0742387d2501f: views=36800.0; local_3cc532cfb019c7ea: views=406.0; local_13a61846bf301004: views=9586.0; local_4defa3ab36606c90: views=246100.0
CN-F1,F,"Numismatic collecting is nearly absent from this collection's source text: the coin pattern (coin, numismatic, bullion, silver eagle, morgan dollar, gold coin, PCGS, NGC, challenge coin) matches 18 rows (broad Reddit 9, r/Ebay 7, community TikTok 2; 0 in the direct TikTok pull, TikTok comments, YouTube titles, YouTube comments or chat), 16 of them read; the 2 TikTok captions are challenge-coin/patch collectors. The Flash Coins label routes 1 TikTok video, 4 Reddit posts and 43 Reddit comments (AI-coded), mostly bullion-fraud disputes (fake gold bars; 'never buy gold from eBay'; a 3-day coin/bullion return window noted around April 2026). Stage 3 adds one explicit numismatic buyer comment (a cleaned coin sold as XF, discovered after NGC grading, negative review removed) and one Whatnot coin seller wanting spot-price repricing.",FINAL_100_Reddit_conversations_1998_comments; FINAL_137_rEbay_posts_632_comments; FINAL_914_community_TikTok_videos,tiktok_video:local_6bcfb3ca36f1de6ab1a9e560fc29e6f65251e6e533eeff7850d8e7196c2de920; reddit:t3_1llzc73; reddit:t1_n03y0q8; reddit:t1_n03l086; reddit:t1_n03q3iy; reddit:t3_1ufxb7r; reddit:t1_otwj817; reddit:t3_1qcvle6; reddit:t1_n04bfny; reddit:t1_oygq7h6; reddit:t1_p515n9w,source caption; Reddit post and comment text,"Coin pattern: 18/8,339 rows; read 16/18. Flash Coins label: 1 video, 4 posts, 43 comments (AI-coded). Stage 1's 39-row pool used an unrecorded broader pattern and is superseded.",6,"explicit buyers (t3_1llzc73, t1_n04bfny); explicit sellers (t3_1qcvle6, t1_oygq7h6)",none found,"The client's 'green shoot' for coins on Live cannot be assessed from community evidence here. Absence in these pulls is not absence of the community. The second challenge-coin caption (tiktok_video:local_218e99dbcc43d15140a9ed1eac16ad3f338c9e05dafe54984ede22b36f859df5) was cited in Stage 2 notes but is not in the reading register; it is counted by code, not cited as read.",checker-pending,local_6bcfb3ca36f1de6a: views=5634.0; t3_1llzc73: score=1835 Gold 2025-06-27; t1_n03y0q8: score=88 Gold 2025-06-27; t1_n03l086: score=78 Gold 2025-06-27; t1_n03q3iy: score=135 Gold 2025-06-27; t3_1ufxb7r: score=50 Ebay 2026-06-26; t1_otwj817: score=21 Ebay 2026-06-26; t3_1qcvle6: score=886 Ebay 2026-01-14; t1_n04bfny: score=32 Gold 2025-06-27; t1_oygq7h6: score=3 whatnotapp 2026-07-19; t1_p515n9w: score=4 Ebay 2026-08-21
CN-F2,F,"The collection's clearest first-person eBay Live buyer narrative is from a silver-coin dealer's stream and is negative: host 'market' quotes judged 150 to 200 percent above recent eBay solds, 10-second flash auctions, 'shopping through the original ebay interface is far cheaper' (r/Ebay, 2026-08-21, score 75), with a reply that this is how most streams work and patient buyers can get deals.",FINAL_100_Reddit_conversations_1998_comments,reddit:t3_1vub4yy; reddit:t1_p4zsiqf; reddit:t1_p50jtgt; reddit:t1_p56jodo,Reddit post and comment text,1 post + 3 comments (thread of 1 independent parent).,1,explicit buyer (self-described non-collector),reddit:t1_p4zsiqf; reddit:t1_p50mp5r,One non-collector buyer's account; the seller is not named; the reply comes from an unstated role.,checker-pending,t3_1vub4yy: score=75 Ebay 2026-08-21; t1_p4zsiqf: score=21 Ebay 2026-08-21; t1_p50jtgt: score=9 Ebay 2026-08-21; t1_p56jodo: score=2 Ebay 2026-08-22
CN-H1,H,Coin and bullion live buyers who comp-check against eBay solds distrust hosts who quote above solds; showing the sold-comp on screen would answer the complaint directly. Test on @eBayLive with a coin dealer; outcome: comp-related complaints in chat and post-stream Reddit fall; risk: lower hammer prices (business trade-off).,FINAL_100_Reddit_conversations_1998_comments,reddit:t3_1vub4yy; reddit:t1_oygq7h6,Reddit post and comment text,Hypothesis.,2,n/a,none found,Rests on one buyer account.,checker-pending,t3_1vub4yy: score=75 Ebay 2026-08-21; t1_oygq7h6: score=3 whatnotapp 2026-07-19
AB-TV-F1,F,"The largest 'Other' cluster in the direct pull is vintage and secondhand clothing where eBay is named as a buying venue by buyers ('eBay Dress Haul #1950s'; 'my fave vintage brands to search up! #ebayhaul'; a German-language 'finds' caption with 636k views; men's style pickups) and as a resale venue by resellers (a Spanish-language vintage t-shirt reseller, 77k views, 1,704 shares). Vinted, Depop and Poshmark are named alongside eBay in seller captions (Vinted 49 rows, Depop 42, Poshmark 41 collection-wide, mostly TikTok direct).",FINAL_914_community_TikTok_videos; FINAL_1007_direct_eBay_TikTok_videos,tiktok_video:local_cabc61bdcf2f7581719a931ad3d8ef0568000307d6bf2bc603ed9531a9a318c2; tiktok_video:local_9c4a18de8056465ce2ce1d0e095a8d872918ec1261a4efcbe0d836718f81a828; tiktok_video:local_0474b1922c45991bcc8a7c67d8289186886c37f2ba93bec25672ff78c62fbc34; tiktok_video:local_db4809acd5d0539e2ea4bccf0c3bb0b0244e5ad6fbc35283e9f5c9caefa79f72; tiktok_video:local_8ecc6ac81ece1ee81ac8f6b1370c22d6d54150b50bb0a4a555379190e2fccbc8; tiktok_video:local_cff44bceaac66b8ad165b9518d4c2660432055a5b346144497e50d9f33659d3b; tiktok_video:local_13745f76e8b76f1e41808b01681db53dd3e29e10c2ec8e6b1d1091111bfaffc2; tiktok_video:local_bcddb583dd2616e718fd0bac16794dcacf93dc7a8aef026b994b2c47c00afd41; tiktok_video:local_145097e1e6748f5565951f7bc4fd08917fcedd07d8831b5b3806eeeabb5612ce; tiktok_video:local_6fd1307421f1643d5f896d91385ad0a4b004e2f6adfa9bbfc782465b2e13c788; tiktok_video:local_9520b23f6c4cda1161c67fdc86b8d503f961445e20d7fe6b093131c9720f33cb; tiktok_video:local_1e0184bc8d4960c56fcf0a8850afbd26d214c3fff259dc1b77808f6857279cf8,source caption,Cluster: 104 videos first-match plus most of 78 unassigned (AI-coded labels grouped by rule; stage1). 12 captions cited (12 parents).,12,buyers and resellers (inferred from caption; resellers often explicit),none found,Cluster boundaries are rule-based over AI labels; the #AD how-to is promotion.,checker-pending,local_cabc61bdcf2f7581: views=249.0; local_9c4a18de8056465c: views=2368.0; local_0474b1922c45991b: views=23400.0; local_db4809acd5d0539e: views=636100.0; local_8ecc6ac81ece1ee8: views=6706.0; local_cff44bceaac66b8a: views=77200.0; local_13745f76e8b76f1e: views=202200.0; local_bcddb583dd2616e7: views=4893.0; local_145097e1e6748f55: views=10800.0; local_6fd1307421f1643d: views=230900.0; local_9520b23f6c4cda11: views=556700.0; local_1e0184bc8d4960c5: views=911.0
AB-TV-H1,H,'Vintage brands to search on eBay' is an existing creator format that maps to a live 'search with me / finds' show; sizing is a friction live cannot fix (client call).,FINAL_914_community_TikTok_videos; FINAL_1007_direct_eBay_TikTok_videos,tiktok_video:local_0474b1922c45991bcc8a7c67d8289186886c37f2ba93bec25672ff78c62fbc34; tiktok_video:local_6fd1307421f1643d5f896d91385ad0a4b004e2f6adfa9bbfc782465b2e13c788,source caption,Hypothesis.,2,n/a,none found,None.,checker-pending,local_0474b1922c45991b: views=23400.0; local_6fd1307421f1643d: views=230900.0
AB-PP-F1,F,"Patches, pins and buttons are a real hobby cluster (124 community videos, AI-clustered) with trading, making and collecting rituals (police/military patches, battle jackets including a UK-stated one, pinback-button makers, HHN trades). Stage 3 correction: eBay is named as the sourcing venue in 2 of the 8 community captions that name eBay (a 287k-view custom patch jacket built from a $25 vintage Lee jacket and patches found on eBay; vintage pins/buttons bought on eBay); TikTok Shop and Etsy are named selling routes for makers. Challenge coins sit here, not in numismatics.",FINAL_914_community_TikTok_videos,tiktok_video:local_5cc71701df7c8785be053042df8e46c3a2d57f90c64879e7b65d6926bc807af7; tiktok_video:local_6bcfb3ca36f1de6ab1a9e560fc29e6f65251e6e533eeff7850d8e7196c2de920; tiktok_video:local_dbb48dcc855d90f67532b728324753a8a812ea4087108ad8a461ffbf3c255214; tiktok_video:local_a203c31dbb4f693ef44ac8f4e296790aef4b98a1d64f0c0e83a80668c28eff77; tiktok_video:local_0089e5d66d193282b94abaaca0c8d154ee5b248f4ac7c820e6abffae917f572e; tiktok_video:local_5cdeaba681d63e879143662d336f59f4251ba637e747f46ffa02d3031bd21280; tiktok_video:local_c5f1342441d7f21cf5f3d31ebc14f7d67b338b6b90de0bbefa0e26e67ebdb380; tiktok_video:local_b441c9453ba84ed26f090036522ce6e167cbb290c7afe26fe20dfede2d15cf5c; tiktok_video:local_11c6d0893a1b25476d633ebd84d66f2428ee027c5d0d72c8ba0c83d71cce1b80; tiktok_video:local_8a4ab98cbc2e83e1edafa248cc513d2f092eab6ca7b5c3b0dafac7a9d9354638,source caption,11 captions cited (11 parents); cluster 124 videos of which 11 read.,10,collectors/makers (inferred),tiktok_video:local_b441c9453ba84ed26f090036522ce6e167cbb290c7afe26fe20dfede2d15cf5c; tiktok_video:local_11c6d0893a1b25476d633ebd84d66f2428ee027c5d0d72c8ba0c83d71cce1b80,Stage 2's 'eBay absent from read captions' is withdrawn for this cluster. The child's patch-collection caption cited in Stage 2 notes (local_218e99db…) is not in the register and is not cited here.,checker-pending,local_5cc71701df7c8785: views=2186.0; local_6bcfb3ca36f1de6a: views=5634.0; local_dbb48dcc855d90f6: views=32800.0; local_a203c31dbb4f693e: views=200300.0; local_0089e5d66d193282: views=303.0; local_5cdeaba681d63e87: views=1164.0; local_c5f1342441d7f21c: views=325.0; local_b441c9453ba84ed2: views=287100.0; local_11c6d0893a1b2547: views=1402.0; local_8a4ab98cbc2e83e1: views=18700.0
AB-PM-F1,F,"Physical-media collectors show completion and premium-edition rituals (4K steelbooks, shelf tours, 'Over 5000 movies'); eBay appears in 1 of 9 read cluster captions (and 0 of 7 control captions in this cluster); no live selling in read rows.",FINAL_914_community_TikTok_videos; FINAL_1007_direct_eBay_TikTok_videos,tiktok_video:local_e4b6e7361e2a648dcd9d1a0be33d972c2578dd8f32d4f73d27e4dc7deecbc770; tiktok_video:local_4492b026b178e25d65dee6905c45ae5817dd746db0e29c89d46274c01f332fcb; tiktok_video:local_4a91348fca3a55dbc810d99f2ad82e321b56b0cffd54470d54c2b4b7e3a4d028; tiktok_video:local_e4e363d373910e9e65c47159e6f7958f630cb4c5456e12e4960926724191b947; tiktok_video:local_8459de44190ad122e439d6a0707c479c0304fce60bdc5e22d9d485d7008f1748,source caption,Cluster 106 videos (AI-clustered); 16 read (9 routed + 7 control); 1 names eBay.,5,collectors (inferred),none found,Small read share of the cluster.,checker-pending,local_e4b6e7361e2a648d: views=758900.0; local_4492b026b178e25d: views=12900.0; local_4a91348fca3a55db: views=20300.0; local_e4e363d373910e9e: views=323.0; local_8459de44190ad122: views=2115.0
AB-PA-F1,F,"P&A (parts and accessories) appears in the collection as an eBay-native buying and selling behaviour: engines and parts bought on eBay by builders ('I BOUGHT THE EBAY ENGINE!'; 'the ol eBay motor was RIPPING #ebaymotors'; 'best way to win an EBay auction EVERY time... Ek civic cluster', 103k views), parts sellers routing to eBay stores (classic-car parts; an Italian-language scrapyard), with freight, fitment and return friction on Reddit (engine refund dispute, score 219; $2,300 bumper freight). No read row mentions live selling for parts.",FINAL_100_Reddit_conversations_1998_comments; FINAL_137_rEbay_posts_632_comments; FINAL_1007_direct_eBay_TikTok_videos,tiktok_video:local_1dd1a5d8575044db0f91979fd604a3a08348a7c841c96c5ba1a478e2a9decd46; tiktok_video:local_daced285e1fbec1ec9488db43f80123543157c2d25a55eff7784a0c02313e5a7; tiktok_video:local_fe0afbcf4604177204c3d11455bef9b3a9b19a5ce6acad18bf89fe1262fbf60a; tiktok_video:local_b80372eecb87237235a1301f8a15be9de0f2a12aaf73f479a489d223694b1fab; tiktok_video:local_a72c7e8c99fcde6837849b177435d284bcbd7f3fca56c3a313d472514289eb0c; tiktok_video:local_a4d892642962b0a7d32571bfc1c14d321fd8736103723ac30541948ec7ba5728; tiktok_video:local_21b424cbe81a956038ec7ce483cc6a462fb8d0d27d4e8ae1abd8f5ad14275bf4; tiktok_video:local_97b9ca83e668d2dc00a03f5f4f5c361370e9500a5dd6d9db1727780c8cb0ba7c; reddit:t3_1qjabr7; reddit:t1_o0zedv8; reddit:t1_olpp167,source caption; Reddit post and comment text,"Automotive cluster 88 videos (85 direct; AI-clustered); 12 captions read; Reddit P&A keyword rows 13, 8 read. Cited 11 rows across 10 parents.",10,"builders/buyers (inferred), sellers (explicit)",none found,"The direct pull selects on eBay terms, so eBay presence is by construction; the behaviour's size is unknown.",checker-pending,local_1dd1a5d8575044db: views=210.0; local_daced285e1fbec1e: views=4478.0; local_fe0afbcf46041772: views=1249.0; local_b80372eecb872372: views=102900.0; local_a72c7e8c99fcde68: views=3712.0; local_a4d892642962b0a7: views=271.0; local_21b424cbe81a9560: views=6365.0; local_97b9ca83e668d2dc: views=59600.0; t3_1qjabr7: score=219 Ebay 2026-01-21; t1_o0zedv8: score=8 Ebay 2026-01-22; t1_olpp167: score=339 Ebay 2026-05-14
AB-PA-H1,H,Live could serve P&A as 'does it fit / is it the right part' expert Q&A rather than auctions; no community row supports or opposes; a discovery-stage question for the core team.,FINAL_100_Reddit_conversations_1998_comments; FINAL_1007_direct_eBay_TikTok_videos,reddit:t3_1qjabr7; tiktok_video:local_b80372eecb87237235a1301f8a15be9de0f2a12aaf73f479a489d223694b1fab,Reddit post text; source caption,Hypothesis.,2,n/a,none found,No evidence either way.,checker-pending,t3_1qjabr7: score=219 Ebay 2026-01-21; local_b80372eecb872372: views=102900.0
AB-SL-F1,F,"The collection's eBay Live voice is (a) paid partner TikTok posts and seller show announcements, (b) seller-side comparisons judging eBay Live by fees, viewers and 'clientele', and (c) four explicit buyer accounts, all reporting friction (auction speed, host pricing, mid-auction item change, post-sale promises). r/Ebay's seller-heavy regulars describe Live as force-fed ('I've had enough of the force feed', score 142; 'I hate eBay live and I hate ai slop', 380; notification bombardment), a YouTube commenter echoes the notification complaint, and one commenter calls eBay Live's demand 'artificial' while promotion lasts. Stage 3 adds one explicit positive seller account (a comics business that 'sells a lot on eBay live streams and we do well').",FINAL_100_Reddit_conversations_1998_comments; FINAL_137_rEbay_posts_632_comments; FINAL_1407_YouTube_comments,reddit:t3_1wfp5sj; reddit:t1_p9o48gb; reddit:t1_p9ojy91; reddit:t1_p7xb529; reddit:t1_ocus8sv; reddit:t1_p50jtgt; reddit:t1_pa2yhrf; reddit:t3_1s5ae92; youtube_comment:UgxbPcydBm_M7LfisLt4AaABAg; reddit:t1_p56yrbz; reddit:t1_p50mp5r; reddit:t3_1vub4yy; reddit:t3_1pttt05; reddit:t1_nvjpmsu; youtube_comment:UgzrDtVVH-e2hHYihvR4AaABAg; youtube_comment:UgzfGt8L5RoXYTzy7Ul4AaABAg,Reddit post and comment text; YouTube comment text,16 rows across 12 parents. r/Ebay posts after dedup: 130; live terms appear in 3 r/Ebay posts and 4 comments; broad-pull rows naming eBay Live: 10.,8,"explicit or inferred sellers (t3_1wfp5sj, t1_p9o48gb, t1_p9ojy91, t1_p7xb529, t3_1s5ae92, UgxbPcy…, t1_p56yrbz, t1_p50mp5r); explicit buyers (t3_1vub4yy, t3_1pttt05, UgzrDtVVH…, UgzfGt8L5…); unknown (t1_ocus8sv, t1_p50jtgt, t1_pa2yhrf)",reddit:t1_p50mp5r; reddit:t1_p4zsiqf,r/Ebay is a seller-operations subreddit by composition; buyer voice is thin there. Role per row is stated in the roles column.,checker-pending,t3_1wfp5sj: score=142 Ebay 2026-09-14; t1_p9o48gb: score=30 Ebay 2026-09-14; t1_p9ojy91: score=9 Ebay 2026-09-14; t1_p7xb529: score=380 Ebay 2026-09-05; t1_ocus8sv: score=20 Ebay 2026-03-27; t1_p50jtgt: score=9 Ebay 2026-08-21; t1_pa2yhrf: score=3 Ebay 2026-09-16; t3_1s5ae92: score=21 Ebay 2026-03-27; UgxbPcydBm_M7LfisLt4Aa: likes=11; t1_p56yrbz: score=1 Ebay 2026-08-22; t1_p50mp5r: score=4 Ebay 2026-08-21; t3_1vub4yy: score=75 Ebay 2026-08-21; t3_1pttt05: score=25 Ebay 2025-12-23; t1_nvjpmsu: score=15 Ebay 2025-12-23; UgzrDtVVH-e2hHYihvR4Aa: likes=0; UgzfGt8L5RoXYTzy7Ul4Aa: likes=0
AB-SL-F2,F,"Whatnot is described by its own sellers as a liquidation venue with chat drama, giveaways and low hammer prices, with eBay for 'the good stuff' and eBay Live's clientele judged 'more intelligent'; small card sellers report very low Whatnot viewership. Seller opinion, not buyer data.",FINAL_100_Reddit_conversations_1998_comments,reddit:t1_omuylg3; reddit:t1_p7hxipn; reddit:t1_no39bxl; reddit:t1_nseqlli,Reddit comment text,4 comments under 4 posts.,4,explicit sellers,reddit:t1_nn69yj9; reddit:t1_oyfrxmd,Counter: a seller says you can build a following on Whatnot itself; a buyer reports a better experience than eBay.,checker-pending,t1_omuylg3: score=18 whatnotapp 2026-05-20; t1_p7hxipn: score=4 whatnotapp 2026-09-03; t1_no39bxl: score=4 Flipping 2025-11-10; t1_nseqlli: score=4 whatnotapp 2025-12-05
AB-SL-F3,F,"The Nurse Flipper 'Live eBay Reseller Q&A' replay chat is sellers talking shipping claims, 'eBay versus Whatnot' inventory strategy and Whatnot vacation mode; no buyer voice. YouTube live-selling lanes are seller how-to titles, and 3 of the 248 YouTube titles come from eBay's own channels (a sellers webinar, a seller panel, an eBay Live UK promo), which are brand output inside a community file and are excluded from audience voice.",FINAL_1435_YouTube_live_chat_rows; FINAL_248_YouTube_video_titles,youtube_live:wbUy3gK7kFE:690; youtube_live:wbUy3gK7kFE:708; youtube_live:wbUy3gK7kFE:709; youtube_video:Eq1xymBqpnk; youtube_video:EtOrAojxRqI; youtube_video:myCuDV9-2-M; youtube_video:d3uHPsnoITc; youtube_video:DjsWZaPwMQs; youtube_video:y-NqOxTOXP0,chat message; title context,"Nurse Flipper stream: 248 messages, 66 host/mod-flagged, 20 read. eBay-channel titles: 3/248.",7,sellers (inferred from questions); hosts (flagged),none found,Chat labels are low-confidence; roles inferred from content.,checker-pending,wbUy3gK7kFE:690: chat; wbUy3gK7kFE:708: chat; wbUy3gK7kFE:709: chat; Eq1xymBqpnk: views=2622; EtOrAojxRqI: views=2877; myCuDV9-2-M: views=7616; d3uHPsnoITc: views=893; DjsWZaPwMQs: views=1030; y-NqOxTOXP0: views=18
AB-SL-H1,H,"Buyer-side trust mechanics for Live (sold-comp on screen, no mid-auction item change, enforcement of on-stream promises, opt-out from notification pushes) are the concrete gaps named by buyers on eBay Live and on Whatnot; a format that visibly addresses them is testable in cards, coins and watches where these accounts sit.",FINAL_100_Reddit_conversations_1998_comments; FINAL_1407_YouTube_comments,reddit:t3_1vub4yy; reddit:t3_1pttt05; youtube_comment:UgzrDtVVH-e2hHYihvR4AaABAg; youtube_comment:UgzfGt8L5RoXYTzy7Ul4AaABAg; reddit:t1_owwn39k; reddit:t1_omvn0rt,Reddit post and comment text; YouTube comment text,Hypothesis over 6 buyer rows.,6,explicit buyers,none found,Six people.,checker-pending,t3_1vub4yy: score=75 Ebay 2026-08-21; t3_1pttt05: score=25 Ebay 2025-12-23; UgzrDtVVH-e2hHYihvR4Aa: likes=0; UgzfGt8L5RoXYTzy7Ul4Aa: likes=0; t1_owwn39k: score=2 whatnotapp 2026-07-11; t1_omvn0rt: score=10 whatnotapp 2026-05-20
